,actual_predictions_from_model_DecisionTreeRegressor(random_state=33)_genextreme,y_pred_binary_DecisionTreeRegressor(random_state=33)_genextreme,actual_predictions_from_model_DecisionTreeRegressor(random_state=33)_norm,y_pred_binary_DecisionTreeRegressor(random_state=33)_norm,actual_predictions_from_model_DecisionTreeRegressor(random_state=33)_laplace,y_pred_binary_DecisionTreeRegressor(random_state=33)_laplace,actual_predictions_from_model_DecisionTreeRegressor(random_state=33)_logistic,y_pred_binary_DecisionTreeRegressor(random_state=33)_logistic,actual_predictions_from_model_DecisionTreeRegressor(random_state=33)_gumbel_r,y_pred_binary_DecisionTreeRegressor(random_state=33)_gumbel_r,actual_predictions_from_model_DecisionTreeRegressor(random_state=33)_lognorm,y_pred_binary_DecisionTreeRegressor(random_state=33)_lognorm,actual_predictions_from_model_DecisionTreeRegressor(random_state=33)_cauchy,y_pred_binary_DecisionTreeRegressor(random_state=33)_cauchy,actual_predictions_from_model_RandomForestRegressor(random_state=33)_genextreme,y_pred_binary_RandomForestRegressor(random_state=33)_genextreme,actual_predictions_from_model_RandomForestRegressor(random_state=33)_norm,y_pred_binary_RandomForestRegressor(random_state=33)_norm,actual_predictions_from_model_RandomForestRegressor(random_state=33)_laplace,y_pred_binary_RandomForestRegressor(random_state=33)_laplace,actual_predictions_from_model_RandomForestRegressor(random_state=33)_logistic,y_pred_binary_RandomForestRegressor(random_state=33)_logistic,actual_predictions_from_model_RandomForestRegressor(random_state=33)_gumbel_r,y_pred_binary_RandomForestRegressor(random_state=33)_gumbel_r,actual_predictions_from_model_RandomForestRegressor(random_state=33)_lognorm,y_pred_binary_RandomForestRegressor(random_state=33)_lognorm,actual_predictions_from_model_RandomForestRegressor(random_state=33)_cauchy,y_pred_binary_RandomForestRegressor(random_state=33)_cauchy,actual_predictions_from_model_SGDRegressor(random_state=33)_genextreme,y_pred_binary_SGDRegressor(random_state=33)_genextreme,actual_predictions_from_model_SGDRegressor(random_state=33)_norm,y_pred_binary_SGDRegressor(random_state=33)_norm,actual_predictions_from_model_SGDRegressor(random_state=33)_laplace,y_pred_binary_SGDRegressor(random_state=33)_laplace,actual_predictions_from_model_SGDRegressor(random_state=33)_logistic,y_pred_binary_SGDRegressor(random_state=33)_logistic,actual_predictions_from_model_SGDRegressor(random_state=33)_gumbel_r,y_pred_binary_SGDRegressor(random_state=33)_gumbel_r,actual_predictions_from_model_SGDRegressor(random_state=33)_lognorm,y_pred_binary_SGDRegressor(random_state=33)_lognorm,actual_predictions_from_model_SGDRegressor(random_state=33)_cauchy,y_pred_binary_SGDRegressor(random_state=33)_cauchy,actual_predictions_from_model_KNeighborsRegressor(n_neighbors=3)_genextreme,y_pred_binary_KNeighborsRegressor(n_neighbors=3)_genextreme,actual_predictions_from_model_KNeighborsRegressor(n_neighbors=3)_norm,y_pred_binary_KNeighborsRegressor(n_neighbors=3)_norm,actual_predictions_from_model_KNeighborsRegressor(n_neighbors=3)_laplace,y_pred_binary_KNeighborsRegressor(n_neighbors=3)_laplace,actual_predictions_from_model_KNeighborsRegressor(n_neighbors=3)_logistic,y_pred_binary_KNeighborsRegressor(n_neighbors=3)_logistic,actual_predictions_from_model_KNeighborsRegressor(n_neighbors=3)_gumbel_r,y_pred_binary_KNeighborsRegressor(n_neighbors=3)_gumbel_r,actual_predictions_from_model_KNeighborsRegressor(n_neighbors=3)_lognorm,y_pred_binary_KNeighborsRegressor(n_neighbors=3)_lognorm,actual_predictions_from_model_KNeighborsRegressor(n_neighbors=3)_cauchy,y_pred_binary_KNeighborsRegressor(n_neighbors=3)_cauchy,actual_predictions_from_model_AdaBoostRegressor(random_state=33)_genextreme,y_pred_binary_AdaBoostRegressor(random_state=33)_genextreme,actual_predictions_from_model_AdaBoostRegressor(random_state=33)_norm,y_pred_binary_AdaBoostRegressor(random_state=33)_norm,actual_predictions_from_model_AdaBoostRegressor(random_state=33)_laplace,y_pred_binary_AdaBoostRegressor(random_state=33)_laplace,actual_predictions_from_model_AdaBoostRegressor(random_state=33)_logistic,y_pred_binary_AdaBoostRegressor(random_state=33)_logistic,actual_predictions_from_model_AdaBoostRegressor(random_state=33)_gumbel_r,y_pred_binary_AdaBoostRegressor(random_state=33)_gumbel_r,actual_predictions_from_model_AdaBoostRegressor(random_state=33)_lognorm,y_pred_binary_AdaBoostRegressor(random_state=33)_lognorm,actual_predictions_from_model_AdaBoostRegressor(random_state=33)_cauchy,y_pred_binary_AdaBoostRegressor(random_state=33)_cauchy,actual_predictions_from_model_BayesianRidge()_genextreme,y_pred_binary_BayesianRidge()_genextreme,actual_predictions_from_model_BayesianRidge()_norm,y_pred_binary_BayesianRidge()_norm,actual_predictions_from_model_BayesianRidge()_laplace,y_pred_binary_BayesianRidge()_laplace,actual_predictions_from_model_BayesianRidge()_logistic,y_pred_binary_BayesianRidge()_logistic,actual_predictions_from_model_BayesianRidge()_gumbel_r,y_pred_binary_BayesianRidge()_gumbel_r,actual_predictions_from_model_BayesianRidge()_lognorm,y_pred_binary_BayesianRidge()_lognorm,actual_predictions_from_model_BayesianRidge()_cauchy,y_pred_binary_BayesianRidge()_cauchy,actual_predictions_from_model_ExtraTreesRegressor(random_state=33)_genextreme,y_pred_binary_ExtraTreesRegressor(random_state=33)_genextreme,actual_predictions_from_model_ExtraTreesRegressor(random_state=33)_norm,y_pred_binary_ExtraTreesRegressor(random_state=33)_norm,actual_predictions_from_model_ExtraTreesRegressor(random_state=33)_laplace,y_pred_binary_ExtraTreesRegressor(random_state=33)_laplace,actual_predictions_from_model_ExtraTreesRegressor(random_state=33)_logistic,y_pred_binary_ExtraTreesRegressor(random_state=33)_logistic,actual_predictions_from_model_ExtraTreesRegressor(random_state=33)_gumbel_r,y_pred_binary_ExtraTreesRegressor(random_state=33)_gumbel_r,actual_predictions_from_model_ExtraTreesRegressor(random_state=33)_lognorm,y_pred_binary_ExtraTreesRegressor(random_state=33)_lognorm,actual_predictions_from_model_ExtraTreesRegressor(random_state=33)_cauchy,y_pred_binary_ExtraTreesRegressor(random_state=33)_cauchy,actual_predictions_from_model_BaggingRegressor(random_state=33)_genextreme,y_pred_binary_BaggingRegressor(random_state=33)_genextreme,actual_predictions_from_model_BaggingRegressor(random_state=33)_norm,y_pred_binary_BaggingRegressor(random_state=33)_norm,actual_predictions_from_model_BaggingRegressor(random_state=33)_laplace,y_pred_binary_BaggingRegressor(random_state=33)_laplace,actual_predictions_from_model_BaggingRegressor(random_state=33)_logistic,y_pred_binary_BaggingRegressor(random_state=33)_logistic,actual_predictions_from_model_BaggingRegressor(random_state=33)_gumbel_r,y_pred_binary_BaggingRegressor(random_state=33)_gumbel_r,actual_predictions_from_model_BaggingRegressor(random_state=33)_lognorm,y_pred_binary_BaggingRegressor(random_state=33)_lognorm,actual_predictions_from_model_BaggingRegressor(random_state=33)_cauchy,y_pred_binary_BaggingRegressor(random_state=33)_cauchy,"actual_predictions_from_model_LGBMRegressor(objective='regression', random_state=33)_genextreme","y_pred_binary_LGBMRegressor(objective='regression', random_state=33)_genextreme","actual_predictions_from_model_LGBMRegressor(objective='regression', random_state=33)_norm","y_pred_binary_LGBMRegressor(objective='regression', random_state=33)_norm","actual_predictions_from_model_LGBMRegressor(objective='regression', random_state=33)_laplace","y_pred_binary_LGBMRegressor(objective='regression', random_state=33)_laplace","actual_predictions_from_model_LGBMRegressor(objective='regression', random_state=33)_logistic","y_pred_binary_LGBMRegressor(objective='regression', random_state=33)_logistic","actual_predictions_from_model_LGBMRegressor(objective='regression', random_state=33)_gumbel_r","y_pred_binary_LGBMRegressor(objective='regression', random_state=33)_gumbel_r","actual_predictions_from_model_LGBMRegressor(objective='regression', random_state=33)_lognorm","y_pred_binary_LGBMRegressor(objective='regression', random_state=33)_lognorm","actual_predictions_from_model_LGBMRegressor(objective='regression', random_state=33)_cauchy","y_pred_binary_LGBMRegressor(objective='regression', random_state=33)_cauchy","actual_predictions_from_model_SVR(C=0.025, kernel='linear')_genextreme","y_pred_binary_SVR(C=0.025, kernel='linear')_genextreme","actual_predictions_from_model_SVR(C=0.025, kernel='linear')_norm","y_pred_binary_SVR(C=0.025, kernel='linear')_norm","actual_predictions_from_model_SVR(C=0.025, kernel='linear')_laplace","y_pred_binary_SVR(C=0.025, kernel='linear')_laplace","actual_predictions_from_model_SVR(C=0.025, kernel='linear')_logistic","y_pred_binary_SVR(C=0.025, kernel='linear')_logistic","actual_predictions_from_model_SVR(C=0.025, kernel='linear')_gumbel_r","y_pred_binary_SVR(C=0.025, kernel='linear')_gumbel_r","actual_predictions_from_model_SVR(C=0.025, kernel='linear')_lognorm","y_pred_binary_SVR(C=0.025, kernel='linear')_lognorm","actual_predictions_from_model_SVR(C=0.025, kernel='linear')_cauchy","y_pred_binary_SVR(C=0.025, kernel='linear')_cauchy","actual_predictions_from_model_SVR(C=1, gamma=2)_genextreme","y_pred_binary_SVR(C=1, gamma=2)_genextreme","actual_predictions_from_model_SVR(C=1, gamma=2)_norm","y_pred_binary_SVR(C=1, gamma=2)_norm","actual_predictions_from_model_SVR(C=1, gamma=2)_laplace","y_pred_binary_SVR(C=1, gamma=2)_laplace","actual_predictions_from_model_SVR(C=1, gamma=2)_logistic","y_pred_binary_SVR(C=1, gamma=2)_logistic","actual_predictions_from_model_SVR(C=1, gamma=2)_gumbel_r","y_pred_binary_SVR(C=1, gamma=2)_gumbel_r","actual_predictions_from_model_SVR(C=1, gamma=2)_lognorm","y_pred_binary_SVR(C=1, gamma=2)_lognorm","actual_predictions_from_model_SVR(C=1, gamma=2)_cauchy","y_pred_binary_SVR(C=1, gamma=2)_cauchy",actual_predictions_from_model_MLPRegressor(random_state=33)_genextreme,y_pred_binary_MLPRegressor(random_state=33)_genextreme,actual_predictions_from_model_MLPRegressor(random_state=33)_norm,y_pred_binary_MLPRegressor(random_state=33)_norm,actual_predictions_from_model_MLPRegressor(random_state=33)_laplace,y_pred_binary_MLPRegressor(random_state=33)_laplace,actual_predictions_from_model_MLPRegressor(random_state=33)_logistic,y_pred_binary_MLPRegressor(random_state=33)_logistic,actual_predictions_from_model_MLPRegressor(random_state=33)_gumbel_r,y_pred_binary_MLPRegressor(random_state=33)_gumbel_r,actual_predictions_from_model_MLPRegressor(random_state=33)_lognorm,y_pred_binary_MLPRegressor(random_state=33)_lognorm,actual_predictions_from_model_MLPRegressor(random_state=33)_cauchy,y_pred_binary_MLPRegressor(random_state=33)_cauchy
219,69.0,0,69.0,0,69.0,0,69.0,0,69.0,0,69.0,0,69.0,0,63.4,0,63.4,0,63.4,0,63.4,0,63.4,0,63.4,0,63.4,0,25988890937259.195,1,25988890937259.195,1,25988890937259.195,1,25988890937259.195,1,25988890937259.195,1,25988890937259.195,1,25988890937259.195,1,74.66666666666667,1,74.66666666666667,0,74.66666666666667,0,74.66666666666667,0,74.66666666666667,1,74.66666666666667,0,74.66666666666667,0,67.62962962962963,0,67.62962962962963,0,67.62962962962963,0,67.62962962962963,0,67.62962962962963,0,67.62962962962963,0,67.62962962962963,0,69.89254149723104,0,69.89254149723104,0,69.89254149723104,0,69.89254149723104,0,69.89254149723104,0,69.89254149723104,0,69.89254149723104,0,67.44,0,67.44,0,67.44,0,67.44,0,67.44,0,67.44,0,67.44,0,63.5,0,63.5,0,63.5,0,63.5,0,63.5,0,63.5,0,63.5,0,57.05538185904644,0,57.05538185904644,0,57.05538185904644,0,57.05538185904644,0,57.05538185904644,0,57.05538185904644,0,57.05538185904644,0,64.95705475577648,0,64.95705475577648,0,64.95705475577648,0,64.95705475577648,0,64.95705475577648,0,64.95705475577648,0,64.95705475577648,0,50.86363636363637,0,50.86363636363637,0,50.86363636363637,0,50.86363636363637,0,50.86363636363637,0,50.86363636363637,0,50.86363636363637,0,72.04060979524428,1,72.04060979524428,0,72.04060979524428,0,72.04060979524428,0,72.04060979524428,1,72.04060979524428,0,72.04060979524428,0
220,58.0,0,58.0,0,58.0,0,58.0,0,58.0,0,58.0,0,58.0,0,64.38,0,64.38,0,64.38,0,64.38,0,64.38,0,64.38,0,64.38,0,32071739260077.758,1,32071739260077.758,1,32071739260077.758,1,32071739260077.758,1,32071739260077.758,1,32071739260077.758,1,32071739260077.758,1,53.666666666666664,0,53.666666666666664,0,53.666666666666664,0,53.666666666666664,0,53.666666666666664,0,53.666666666666664,0,53.666666666666664,0,72.10112359550561,1,72.10112359550561,0,72.10112359550561,0,72.10112359550561,0,72.10112359550561,1,72.10112359550561,0,72.10112359550561,0,75.69917197887786,1,75.69917197887786,0,75.69917197887786,0,75.69917197887786,0,75.69917197887786,1,75.69917197887786,0,75.69917197887786,0,60.24,0,60.24,0,60.24,0,60.24,0,60.24,0,60.24,0,60.24,0,58.1,0,58.1,0,58.1,0,58.1,0,58.1,0,58.1,0,58.1,0,69.19734507575305,0,69.19734507575305,0,69.19734507575305,0,69.19734507575305,0,69.19734507575305,0,69.19734507575305,0,69.19734507575305,0,74.16972638843646,1,74.16972638843646,0,74.16972638843646,0,74.16972638843646,0,74.16972638843646,1,74.16972638843646,0,74.16972638843646,0,50.86363636363637,0,50.86363636363637,0,50.86363636363637,0,50.86363636363637,0,50.86363636363637,0,50.86363636363637,0,50.86363636363637,0,79.9226231218951,1,79.9226231218951,0,79.9226231218951,0,79.9226231218951,0,79.9226231218951,1,79.9226231218951,1,79.9226231218951,0
221,105.0,1,105.0,1,105.0,1,105.0,1,105.0,1,105.0,1,105.0,1,75.2,1,75.2,0,75.2,0,75.2,0,75.2,1,75.2,0,75.2,0,25053447389935.633,1,25053447389935.633,1,25053447389935.633,1,25053447389935.633,1,25053447389935.633,1,25053447389935.633,1,25053447389935.633,1,54.0,0,54.0,0,54.0,0,54.0,0,54.0,0,54.0,0,54.0,0,73.07766990291262,1,73.07766990291262,0,73.07766990291262,0,73.07766990291262,0,73.07766990291262,1,73.07766990291262,0,73.07766990291262,0,72.33187243673345,1,72.33187243673345,0,72.33187243673345,0,72.33187243673345,0,72.33187243673345,1,72.33187243673345,0,72.33187243673345,0,74.0,1,74.0,0,74.0,0,74.0,0,74.0,1,74.0,0,74.0,0,90.8,1,90.8,1,90.8,1,90.8,1,90.8,1,90.8,1,90.8,1,76.7277257005719,1,76.7277257005719,0,76.7277257005719,0,76.7277257005719,0,76.7277257005719,1,76.7277257005719,0,76.7277257005719,0,72.68834851498997,1,72.68834851498997,0,72.68834851498997,0,72.68834851498997,0,72.68834851498997,1,72.68834851498997,0,72.68834851498997,0,50.86363636363637,0,50.86363636363637,0,50.86363636363637,0,50.86363636363637,0,50.86363636363637,0,50.86363636363637,0,50.86363636363637,0,76.03573421156588,1,76.03573421156588,0,76.03573421156588,0,76.03573421156588,0,76.03573421156588,1,76.03573421156588,0,76.03573421156588,0
222,90.0,1,90.0,1,90.0,1,90.0,1,90.0,1,90.0,1,90.0,1,64.97,0,64.97,0,64.97,0,64.97,0,64.97,0,64.97,0,64.97,0,27295469034160.223,1,27295469034160.223,1,27295469034160.223,1,27295469034160.223,1,27295469034160.223,1,27295469034160.223,1,27295469034160.223,1,59.666666666666664,0,59.666666666666664,0,59.666666666666664,0,59.666666666666664,0,59.666666666666664,0,59.666666666666664,0,59.666666666666664,0,66.82608695652173,0,66.82608695652173,0,66.82608695652173,0,66.82608695652173,0,66.82608695652173,0,66.82608695652173,0,66.82608695652173,0,70.2225466986761,0,70.2225466986761,0,70.2225466986761,0,70.2225466986761,0,70.2225466986761,0,70.2225466986761,0,70.2225466986761,0,65.65,0,65.65,0,65.65,0,65.65,0,65.65,0,65.65,0,65.65,0,63.6,0,63.6,0,63.6,0,63.6,0,63.6,0,63.6,0,63.6,0,61.38521897337569,0,61.38521897337569,0,61.38521897337569,0,61.38521897337569,0,61.38521897337569,0,61.38521897337569,0,61.38521897337569,0,72.8310644022925,1,72.8310644022925,0,72.8310644022925,0,72.8310644022925,0,72.8310644022925,1,72.8310644022925,0,72.8310644022925,0,50.86363636363637,0,50.86363636363637,0,50.86363636363637,0,50.86363636363637,0,50.86363636363637,0,50.86363636363637,0,50.86363636363637,0,72.18883190378168,1,72.18883190378168,0,72.18883190378168,0,72.18883190378168,0,72.18883190378168,1,72.18883190378168,0,72.18883190378168,0
223,52.0,0,52.0,0,52.0,0,52.0,0,52.0,0,52.0,0,52.0,0,67.85,0,67.85,0,67.85,0,67.85,0,67.85,0,67.85,0,67.85,0,28873941551952.18,1,28873941551952.18,1,28873941551952.18,1,28873941551952.18,1,28873941551952.18,1,28873941551952.18,1,28873941551952.18,1,50.666666666666664,0,50.666666666666664,0,50.666666666666664,0,50.666666666666664,0,50.666666666666664,0,50.666666666666664,0,50.666666666666664,0,70.91176470588235,1,70.91176470588235,0,70.91176470588235,0,70.91176470588235,0,70.91176470588235,1,70.91176470588235,0,70.91176470588235,0,78.21586786663872,1,78.21586786663872,0,78.21586786663872,0,78.21586786663872,0,78.21586786663872,1,78.21586786663872,0,78.21586786663872,0,60.2,0,60.2,0,60.2,0,60.2,0,60.2,0,60.2,0,60.2,0,57.3,0,57.3,0,57.3,0,57.3,0,57.3,0,57.3,0,57.3,0,76.76092891077346,1,76.76092891077346,0,76.76092891077346,0,76.76092891077346,0,76.76092891077346,1,76.76092891077346,0,76.76092891077346,0,75.71926696726729,1,75.71926696726729,0,75.71926696726729,0,75.71926696726729,0,75.71926696726729,1,75.71926696726729,0,75.71926696726729,0,50.86363636363637,0,50.86363636363637,0,50.86363636363637,0,50.86363636363637,0,50.86363636363637,0,50.86363636363637,0,50.86363636363637,0,84.6535010273672,1,84.6535010273672,1,84.6535010273672,1,84.6535010273672,1,84.6535010273672,1,84.6535010273672,1,84.6535010273672,1
224,63.0,0,63.0,0,63.0,0,63.0,0,63.0,0,63.0,0,63.0,0,73.74,1,73.74,0,73.74,0,73.74,0,73.74,1,73.74,0,73.74,0,26818631693387.406,1,26818631693387.406,1,26818631693387.406,1,26818631693387.406,1,26818631693387.406,1,26818631693387.406,1,26818631693387.406,1,63.0,0,63.0,0,63.0,0,63.0,0,63.0,0,63.0,0,63.0,0,73.08823529411765,1,73.08823529411765,0,73.08823529411765,0,73.08823529411765,0,73.08823529411765,1,73.08823529411765,0,73.08823529411765,0,87.0027760638707,1,87.0027760638707,1,87.0027760638707,1,87.0027760638707,1,87.0027760638707,1,87.0027760638707,1,87.0027760638707,1,71.17,1,71.17,0,71.17,0,71.17,0,71.17,1,71.17,0,71.17,0,75.0,1,75.0,0,75.0,0,75.0,0,75.0,1,75.0,0,75.0,0,80.17064253231202,1,80.17064253231202,1,80.17064253231202,1,80.17064253231202,1,80.17064253231202,1,80.17064253231202,1,80.17064253231202,1,86.95520398825494,1,86.95520398825494,1,86.95520398825494,1,86.95520398825494,1,86.95520398825494,1,86.95520398825494,1,86.95520398825494,1,50.86363636363637,0,50.86363636363637,0,50.86363636363637,0,50.86363636363637,0,50.86363636363637,0,50.86363636363637,0,50.86363636363637,0,97.50796705984078,1,97.50796705984078,1,97.50796705984078,1,97.50796705984078,1,97.50796705984078,1,97.50796705984078,1,97.50796705984078,1
225,70.0,0,70.0,0,70.0,0,70.0,0,70.0,0,70.0,0,70.0,0,70.36,0,70.36,0,70.36,0,70.36,0,70.36,0,70.36,0,70.36,0,29736267987120.04,1,29736267987120.04,1,29736267987120.04,1,29736267987120.04,1,29736267987120.04,1,29736267987120.04,1,29736267987120.04,1,76.0,1,76.0,0,76.0,0,76.0,0,76.0,1,76.0,0,76.0,0,72.10112359550561,1,72.10112359550561,0,72.10112359550561,0,72.10112359550561,0,72.10112359550561,1,72.10112359550561,0,72.10112359550561,0,90.33607868301254,1,90.33607868301254,1,90.33607868301254,1,90.33607868301254,1,90.33607868301254,1,90.33607868301254,1,90.33607868301254,1,68.23,0,68.23,0,68.23,0,68.23,0,68.23,0,68.23,0,68.23,0,73.0,1,73.0,0,73.0,0,73.0,0,73.0,1,73.0,0,73.0,0,73.63776050232511,1,73.63776050232511,0,73.63776050232511,0,73.63776050232511,0,73.63776050232511,1,73.63776050232511,0,73.63776050232511,0,93.01613792546874,1,93.01613792546874,1,93.01613792546874,1,93.01613792546874,1,93.01613792546874,1,93.01613792546874,1,93.01613792546874,1,50.86363636363637,0,50.86363636363637,0,50.86363636363637,0,50.86363636363637,0,50.86363636363637,0,50.86363636363637,0,50.86363636363637,0,97.70214004694017,1,97.70214004694017,1,97.70214004694017,1,97.70214004694017,1,97.70214004694017,1,97.70214004694017,1,97.70214004694017,1
226,70.0,0,70.0,0,70.0,0,70.0,0,70.0,0,70.0,0,70.0,0,67.37,0,67.37,0,67.37,0,67.37,0,67.37,0,67.37,0,67.37,0,28771313461999.043,1,28771313461999.043,1,28771313461999.043,1,28771313461999.043,1,28771313461999.043,1,28771313461999.043,1,28771313461999.043,1,62.333333333333336,0,62.333333333333336,0,62.333333333333336,0,62.333333333333336,0,62.333333333333336,0,62.333333333333336,0,62.333333333333336,0,75.0625,1,75.0625,0,75.0625,0,75.0625,0,75.0625,1,75.0625,0,75.0625,0,80.5931006448829,1,80.5931006448829,1,80.5931006448829,1,80.5931006448829,1,80.5931006448829,1,80.5931006448829,1,80.5931006448829,1,65.1,0,65.1,0,65.1,0,65.1,0,65.1,0,65.1,0,65.1,0,68.9,0,68.9,0,68.9,0,68.9,0,68.9,0,68.9,0,68.9,0,70.8916522593771,1,70.8916522593771,0,70.8916522593771,0,70.8916522593771,0,70.8916522593771,1,70.8916522593771,0,70.8916522593771,0,76.75629234057902,1,76.75629234057902,0,76.75629234057902,0,76.75629234057902,0,76.75629234057902,1,76.75629234057902,0,76.75629234057902,0,50.86363636363637,0,50.86363636363637,0,50.86363636363637,0,50.86363636363637,0,50.86363636363637,0,50.86363636363637,0,50.86363636363637,0,86.27496169353972,1,86.27496169353972,1,86.27496169353972,1,86.27496169353972,1,86.27496169353972,1,86.27496169353972,1,86.27496169353972,1
227,58.0,0,58.0,0,58.0,0,58.0,0,58.0,0,58.0,0,58.0,0,68.19,0,68.19,0,68.19,0,68.19,0,68.19,0,68.19,0,68.19,0,32716751412106.57,1,32716751412106.57,1,32716751412106.57,1,32716751412106.57,1,32716751412106.57,1,32716751412106.57,1,32716751412106.57,1,64.66666666666667,0,64.66666666666667,0,64.66666666666667,0,64.66666666666667,0,64.66666666666667,0,64.66666666666667,0,64.66666666666667,0,73.07766990291262,1,73.07766990291262,0,73.07766990291262,0,73.07766990291262,0,73.07766990291262,1,73.07766990291262,0,73.07766990291262,0,85.21126509674315,1,85.21126509674315,1,85.21126509674315,1,85.21126509674315,1,85.21126509674315,1,85.21126509674315,1,85.21126509674315,1,67.4,0,67.4,0,67.4,0,67.4,0,67.4,0,67.4,0,67.4,0,66.3,0,66.3,0,66.3,0,66.3,0,66.3,0,66.3,0,66.3,0,75.73828614662632,1,75.73828614662632,0,75.73828614662632,0,75.73828614662632,0,75.73828614662632,1,75.73828614662632,0,75.73828614662632,0,80.02379066820828,1,80.02379066820828,1,80.02379066820828,1,80.02379066820828,1,80.02379066820828,1,80.02379066820828,1,80.02379066820828,1,50.86363636363637,0,50.86363636363637,0,50.86363636363637,0,50.86363636363637,0,50.86363636363637,0,50.86363636363637,0,50.86363636363637,0,92.8954659510396,1,92.8954659510396,1,92.8954659510396,1,92.8954659510396,1,92.8954659510396,1,92.8954659510396,1,92.8954659510396,1
228,67.0,0,67.0,0,67.0,0,67.0,0,67.0,0,67.0,0,67.0,0,71.35,1,71.35,0,71.35,0,71.35,0,71.35,1,71.35,0,71.35,0,32408182238846.027,1,32408182238846.027,1,32408182238846.027,1,32408182238846.027,1,32408182238846.027,1,32408182238846.027,1,32408182238846.027,1,59.666666666666664,0,59.666666666666664,0,59.666666666666664,0,59.666666666666664,0,59.666666666666664,0,59.666666666666664,0,59.666666666666664,0,73.08823529411765,1,73.08823529411765,0,73.08823529411765,0,73.08823529411765,0,73.08823529411765,1,73.08823529411765,0,73.08823529411765,0,77.37822519567442,1,77.37822519567442,0,77.37822519567442,0,77.37822519567442,0,77.37822519567442,1,77.37822519567442,0,77.37822519567442,0,72.97,1,72.97,0,72.97,0,72.97,0,72.97,1,72.97,0,72.97,0,79.8,1,79.8,0,79.8,0,79.8,0,79.8,1,79.8,1,79.8,0,66.88302209051142,0,66.88302209051142,0,66.88302209051142,0,66.88302209051142,0,66.88302209051142,0,66.88302209051142,0,66.88302209051142,0,77.13696304105503,1,77.13696304105503,0,77.13696304105503,0,77.13696304105503,0,77.13696304105503,1,77.13696304105503,0,77.13696304105503,0,50.86363636363637,0,50.86363636363637,0,50.86363636363637,0,50.86363636363637,0,50.86363636363637,0,50.86363636363637,0,50.86363636363637,0,80.12635369611367,1,80.12635369611367,1,80.12635369611367,1,80.12635369611367,1,80.12635369611367,1,80.12635369611367,1,80.12635369611367,1
229,77.0,1,77.0,0,77.0,0,77.0,0,77.0,1,77.0,0,77.0,0,69.5,0,69.5,0,69.5,0,69.5,0,69.5,0,69.5,0,69.5,0,32004427196649.367,1,32004427196649.367,1,32004427196649.367,1,32004427196649.367,1,32004427196649.367,1,32004427196649.367,1,32004427196649.367,1,68.0,0,68.0,0,68.0,0,68.0,0,68.0,0,68.0,0,68.0,0,70.91176470588235,1,70.91176470588235,0,70.91176470588235,0,70.91176470588235,0,70.91176470588235,1,70.91176470588235,0,70.91176470588235,0,83.78088281829514,1,83.78088281829514,1,83.78088281829514,1,83.78088281829514,1,83.78088281829514,1,83.78088281829514,1,83.78088281829514,1,72.66,1,72.66,0,72.66,0,72.66,0,72.66,1,72.66,0,72.66,0,68.6,0,68.6,0,68.6,0,68.6,0,68.6,0,68.6,0,68.6,0,65.01007907393397,0,65.01007907393397,0,65.01007907393397,0,65.01007907393397,0,65.01007907393397,0,65.01007907393397,0,65.01007907393397,0,85.2962436624826,1,85.2962436624826,1,85.2962436624826,1,85.2962436624826,1,85.2962436624826,1,85.2962436624826,1,85.2962436624826,1,50.86363636363637,0,50.86363636363637,0,50.86363636363637,0,50.86363636363637,0,50.86363636363637,0,50.86363636363637,0,50.86363636363637,0,86.89069038541172,1,86.89069038541172,1,86.89069038541172,1,86.89069038541172,1,86.89069038541172,1,86.89069038541172,1,86.89069038541172,1
230,67.0,0,67.0,0,67.0,0,67.0,0,67.0,0,67.0,0,67.0,0,55.5,0,55.5,0,55.5,0,55.5,0,55.5,0,55.5,0,55.5,0,27710083713723.992,1,27710083713723.992,1,27710083713723.992,1,27710083713723.992,1,27710083713723.992,1,27710083713723.992,1,27710083713723.992,1,65.66666666666667,0,65.66666666666667,0,65.66666666666667,0,65.66666666666667,0,65.66666666666667,0,65.66666666666667,0,65.66666666666667,0,50.42857142857143,0,50.42857142857143,0,50.42857142857143,0,50.42857142857143,0,50.42857142857143,0,50.42857142857143,0,50.42857142857143,0,59.598082011427614,0,59.598082011427614,0,59.598082011427614,0,59.598082011427614,0,59.598082011427614,0,59.598082011427614,0,59.598082011427614,0,51.36,0,51.36,0,51.36,0,51.36,0,51.36,0,51.36,0,51.36,0,48.0,0,48.0,0,48.0,0,48.0,0,48.0,0,48.0,0,48.0,0,50.76269972321242,0,50.76269972321242,0,50.76269972321242,0,50.76269972321242,0,50.76269972321242,0,50.76269972321242,0,50.76269972321242,0,61.01818473677741,0,61.01818473677741,0,61.01818473677741,0,61.01818473677741,0,61.01818473677741,0,61.01818473677741,0,61.01818473677741,0,50.86363636363637,0,50.86363636363637,0,50.86363636363637,0,50.86363636363637,0,50.86363636363637,0,50.86363636363637,0,50.86363636363637,0,54.971822941922916,0,54.971822941922916,0,54.971822941922916,0,54.971822941922916,0,54.971822941922916,0,54.971822941922916,0,54.971822941922916,0
231,49.0,0,49.0,0,49.0,0,49.0,0,49.0,0,49.0,0,49.0,0,62.21,0,62.21,0,62.21,0,62.21,0,62.21,0,62.21,0,62.21,0,26399741886793.81,1,26399741886793.81,1,26399741886793.81,1,26399741886793.81,1,26399741886793.81,1,26399741886793.81,1,26399741886793.81,1,50.0,0,50.0,0,50.0,0,50.0,0,50.0,0,50.0,0,50.0,0,62.64102564102564,0,62.64102564102564,0,62.64102564102564,0,62.64102564102564,0,62.64102564102564,0,62.64102564102564,0,62.64102564102564,0,62.35323396182056,0,62.35323396182056,0,62.35323396182056,0,62.35323396182056,0,62.35323396182056,0,62.35323396182056,0,62.35323396182056,0,60.98,0,60.98,0,60.98,0,60.98,0,60.98,0,60.98,0,60.98,0,74.0,1,74.0,0,74.0,0,74.0,0,74.0,1,74.0,0,74.0,0,55.567688132144376,0,55.567688132144376,0,55.567688132144376,0,55.567688132144376,0,55.567688132144376,0,55.567688132144376,0,55.567688132144376,0,57.76527122998953,0,57.76527122998953,0,57.76527122998953,0,57.76527122998953,0,57.76527122998953,0,57.76527122998953,0,57.76527122998953,0,50.86363636363637,0,50.86363636363637,0,50.86363636363637,0,50.86363636363637,0,50.86363636363637,0,50.86363636363637,0,50.86363636363637,0,59.154752120186856,0,59.154752120186856,0,59.154752120186856,0,59.154752120186856,0,59.154752120186856,0,59.154752120186856,0,59.154752120186856,0
232,29.0,0,29.0,0,29.0,0,29.0,0,29.0,0,29.0,0,29.0,0,49.29,0,49.29,0,49.29,0,49.29,0,49.29,0,49.29,0,49.29,0,26776160734155.883,1,26776160734155.883,1,26776160734155.883,1,26776160734155.883,1,26776160734155.883,1,26776160734155.883,1,26776160734155.883,1,42.0,0,42.0,0,42.0,0,42.0,0,42.0,0,42.0,0,42.0,0,50.02247191011236,0,50.02247191011236,0,50.02247191011236,0,50.02247191011236,0,50.02247191011236,0,50.02247191011236,0,50.02247191011236,0,52.75171145751766,0,52.75171145751766,0,52.75171145751766,0,52.75171145751766,0,52.75171145751766,0,52.75171145751766,0,52.75171145751766,0,47.0,0,47.0,0,47.0,0,47.0,0,47.0,0,47.0,0,47.0,0,55.3,0,55.3,0,55.3,0,55.3,0,55.3,0,55.3,0,55.3,0,45.05278327225685,0,45.05278327225685,0,45.05278327225685,0,45.05278327225685,0,45.05278327225685,0,45.05278327225685,0,45.05278327225685,0,53.3564089343319,0,53.3564089343319,0,53.3564089343319,0,53.3564089343319,0,53.3564089343319,0,53.3564089343319,0,53.3564089343319,0,50.86363636363637,0,50.86363636363637,0,50.86363636363637,0,50.86363636363637,0,50.86363636363637,0,50.86363636363637,0,50.86363636363637,0,50.81637258337526,0,50.81637258337526,0,50.81637258337526,0,50.81637258337526,0,50.81637258337526,0,50.81637258337526,0,50.81637258337526,0
233,58.0,0,58.0,0,58.0,0,58.0,0,58.0,0,58.0,0,58.0,0,65.61,0,65.61,0,65.61,0,65.61,0,65.61,0,65.61,0,65.61,0,19992277443717.58,1,19992277443717.58,1,19992277443717.58,1,19992277443717.58,1,19992277443717.58,1,19992277443717.58,1,19992277443717.58,1,42.0,0,42.0,0,42.0,0,42.0,0,42.0,0,42.0,0,42.0,0,63.48,0,63.48,0,63.48,0,63.48,0,63.48,0,63.48,0,63.48,0,59.937019954656954,0,59.937019954656954,0,59.937019954656954,0,59.937019954656954,0,59.937019954656954,0,59.937019954656954,0,59.937019954656954,0,61.58,0,61.58,0,61.58,0,61.58,0,61.58,0,61.58,0,61.58,0,82.0,1,82.0,1,82.0,1,82.0,1,82.0,1,82.0,1,82.0,1,65.29536655787662,0,65.29536655787662,0,65.29536655787662,0,65.29536655787662,0,65.29536655787662,0,65.29536655787662,0,65.29536655787662,0,60.141916079833145,0,60.141916079833145,0,60.141916079833145,0,60.141916079833145,0,60.141916079833145,0,60.141916079833145,0,60.141916079833145,0,50.86363636363637,0,50.86363636363637,0,50.86363636363637,0,50.86363636363637,0,50.86363636363637,0,50.86363636363637,0,50.86363636363637,0,58.34237245161932,0,58.34237245161932,0,58.34237245161932,0,58.34237245161932,0,58.34237245161932,0,58.34237245161932,0,58.34237245161932,0
234,57.0,0,57.0,0,57.0,0,57.0,0,57.0,0,57.0,0,57.0,0,64.35,0,64.35,0,64.35,0,64.35,0,64.35,0,64.35,0,64.35,0,23568585599568.26,1,23568585599568.26,1,23568585599568.26,1,23568585599568.26,1,23568585599568.26,1,23568585599568.26,1,23568585599568.26,1,61.0,0,61.0,0,61.0,0,61.0,0,61.0,0,61.0,0,61.0,0,65.19047619047619,0,65.19047619047619,0,65.19047619047619,0,65.19047619047619,0,65.19047619047619,0,65.19047619047619,0,65.19047619047619,0,59.787105950942674,0,59.787105950942674,0,59.787105950942674,0,59.787105950942674,0,59.787105950942674,0,59.787105950942674,0,59.787105950942674,0,63.08,0,63.08,0,63.08,0,63.08,0,63.08,0,63.08,0,63.08,0,69.8,0,69.8,0,69.8,0,69.8,0,69.8,0,69.8,0,69.8,0,60.20354667616836,0,60.20354667616836,0,60.20354667616836,0,60.20354667616836,0,60.20354667616836,0,60.20354667616836,0,60.20354667616836,0,64.14602667856985,0,64.14602667856985,0,64.14602667856985,0,64.14602667856985,0,64.14602667856985,0,64.14602667856985,0,64.14602667856985,0,50.86363636363637,0,50.86363636363637,0,50.86363636363637,0,50.86363636363637,0,50.86363636363637,0,50.86363636363637,0,50.86363636363637,0,59.73758697981966,0,59.73758697981966,0,59.73758697981966,0,59.73758697981966,0,59.73758697981966,0,59.73758697981966,0,59.73758697981966,0
235,81.0,1,81.0,1,81.0,1,81.0,1,81.0,1,81.0,1,81.0,1,75.95,1,75.95,0,75.95,0,75.95,0,75.95,1,75.95,0,75.95,0,17409642816861.994,1,17409642816861.994,1,17409642816861.994,1,17409642816861.994,1,17409642816861.994,1,17409642816861.994,1,17409642816861.994,1,74.33333333333333,1,74.33333333333333,0,74.33333333333333,0,74.33333333333333,0,74.33333333333333,1,74.33333333333333,0,74.33333333333333,0,77.0,1,77.0,0,77.0,0,77.0,0,77.0,1,77.0,0,77.0,0,65.12397331093948,0,65.12397331093948,0,65.12397331093948,0,65.12397331093948,0,65.12397331093948,0,65.12397331093948,0,65.12397331093948,0,74.05,1,74.05,0,74.05,0,74.05,0,74.05,1,74.05,0,74.05,0,70.2,0,70.2,0,70.2,0,70.2,0,70.2,0,70.2,0,70.2,0,84.43696955272745,1,84.43696955272745,1,84.43696955272745,1,84.43696955272745,1,84.43696955272745,1,84.43696955272745,1,84.43696955272745,1,61.191784609620804,0,61.191784609620804,0,61.191784609620804,0,61.191784609620804,0,61.191784609620804,0,61.191784609620804,0,61.191784609620804,0,50.86363636363637,0,50.86363636363637,0,50.86363636363637,0,50.86363636363637,0,50.86363636363637,0,50.86363636363637,0,50.86363636363637,0,69.71244117988446,0,69.71244117988446,0,69.71244117988446,0,69.71244117988446,0,69.71244117988446,0,69.71244117988446,0,69.71244117988446,0
236,44.0,0,44.0,0,44.0,0,44.0,0,44.0,0,44.0,0,44.0,0,55.2,0,55.2,0,55.2,0,55.2,0,55.2,0,55.2,0,55.2,0,19654290636753.996,1,19654290636753.996,1,19654290636753.996,1,19654290636753.996,1,19654290636753.996,1,19654290636753.996,1,19654290636753.996,1,55.666666666666664,0,55.666666666666664,0,55.666666666666664,0,55.666666666666664,0,55.666666666666664,0,55.666666666666664,0,55.666666666666664,0,59.90909090909091,0,59.90909090909091,0,59.90909090909091,0,59.90909090909091,0,59.90909090909091,0,59.90909090909091,0,59.90909090909091,0,55.98164586166128,0,55.98164586166128,0,55.98164586166128,0,55.98164586166128,0,55.98164586166128,0,55.98164586166128,0,55.98164586166128,0,52.36,0,52.36,0,52.36,0,52.36,0,52.36,0,52.36,0,52.36,0,54.9,0,54.9,0,54.9,0,54.9,0,54.9,0,54.9,0,54.9,0,42.083205727678454,0,42.083205727678454,0,42.083205727678454,0,42.083205727678454,0,42.083205727678454,0,42.083205727678454,0,42.083205727678454,0,53.958266033662134,0,53.958266033662134,0,53.958266033662134,0,53.958266033662134,0,53.958266033662134,0,53.958266033662134,0,53.958266033662134,0,50.86363636363637,0,50.86363636363637,0,50.86363636363637,0,50.86363636363637,0,50.86363636363637,0,50.86363636363637,0,50.86363636363637,0,54.155302835856524,0,54.155302835856524,0,54.155302835856524,0,54.155302835856524,0,54.155302835856524,0,54.155302835856524,0,54.155302835856524,0
237,35.0,0,35.0,0,35.0,0,35.0,0,35.0,0,35.0,0,35.0,0,53.71,0,53.71,0,53.71,0,53.71,0,53.71,0,53.71,0,53.71,0,20426676676025.41,1,20426676676025.41,1,20426676676025.41,1,20426676676025.41,1,20426676676025.41,1,20426676676025.41,1,20426676676025.41,1,49.333333333333336,0,49.333333333333336,0,49.333333333333336,0,49.333333333333336,0,49.333333333333336,0,49.333333333333336,0,49.333333333333336,0,51.51428571428571,0,51.51428571428571,0,51.51428571428571,0,51.51428571428571,0,51.51428571428571,0,51.51428571428571,0,51.51428571428571,0,56.29642673875845,0,56.29642673875845,0,56.29642673875845,0,56.29642673875845,0,56.29642673875845,0,56.29642673875845,0,56.29642673875845,0,54.1,0,54.1,0,54.1,0,54.1,0,54.1,0,54.1,0,54.1,0,64.0,0,64.0,0,64.0,0,64.0,0,64.0,0,64.0,0,64.0,0,55.337008869844524,0,55.337008869844524,0,55.337008869844524,0,55.337008869844524,0,55.337008869844524,0,55.337008869844524,0,55.337008869844524,0,49.42691486611107,0,49.42691486611107,0,49.42691486611107,0,49.42691486611107,0,49.42691486611107,0,49.42691486611107,0,49.42691486611107,0,50.86363636363637,0,50.86363636363637,0,50.86363636363637,0,50.86363636363637,0,50.86363636363637,0,50.86363636363637,0,50.86363636363637,0,56.00572628965892,0,56.00572628965892,0,56.00572628965892,0,56.00572628965892,0,56.00572628965892,0,56.00572628965892,0,56.00572628965892,0
238,39.0,0,39.0,0,39.0,0,39.0,0,39.0,0,39.0,0,39.0,0,59.51,0,59.51,0,59.51,0,59.51,0,59.51,0,59.51,0,59.51,0,21838544323110.973,1,21838544323110.973,1,21838544323110.973,1,21838544323110.973,1,21838544323110.973,1,21838544323110.973,1,21838544323110.973,1,53.666666666666664,0,53.666666666666664,0,53.666666666666664,0,53.666666666666664,0,53.666666666666664,0,53.666666666666664,0,53.666666666666664,0,58.6,0,58.6,0,58.6,0,58.6,0,58.6,0,58.6,0,58.6,0,55.34845847348904,0,55.34845847348904,0,55.34845847348904,0,55.34845847348904,0,55.34845847348904,0,55.34845847348904,0,55.34845847348904,0,53.94,0,53.94,0,53.94,0,53.94,0,53.94,0,53.94,0,53.94,0,59.5,0,59.5,0,59.5,0,59.5,0,59.5,0,59.5,0,59.5,0,53.57715385757393,0,53.57715385757393,0,53.57715385757393,0,53.57715385757393,0,53.57715385757393,0,53.57715385757393,0,53.57715385757393,0,52.35692621435299,0,52.35692621435299,0,52.35692621435299,0,52.35692621435299,0,52.35692621435299,0,52.35692621435299,0,52.35692621435299,0,50.86363636363637,0,50.86363636363637,0,50.86363636363637,0,50.86363636363637,0,50.86363636363637,0,50.86363636363637,0,50.86363636363637,0,54.24523851944678,0,54.24523851944678,0,54.24523851944678,0,54.24523851944678,0,54.24523851944678,0,54.24523851944678,0,54.24523851944678,0
239,47.0,0,47.0,0,47.0,0,47.0,0,47.0,0,47.0,0,47.0,0,47.53,0,47.53,0,47.53,0,47.53,0,47.53,0,47.53,0,47.53,0,18036156338599.3,1,18036156338599.3,1,18036156338599.3,1,18036156338599.3,1,18036156338599.3,1,18036156338599.3,1,18036156338599.3,1,42.666666666666664,0,42.666666666666664,0,42.666666666666664,0,42.666666666666664,0,42.666666666666664,0,42.666666666666664,0,42.666666666666664,0,60.2183908045977,0,60.2183908045977,0,60.2183908045977,0,60.2183908045977,0,60.2183908045977,0,60.2183908045977,0,60.2183908045977,0,49.21576724077426,0,49.21576724077426,0,49.21576724077426,0,49.21576724077426,0,49.21576724077426,0,49.21576724077426,0,49.21576724077426,0,41.22,0,41.22,0,41.22,0,41.22,0,41.22,0,41.22,0,41.22,0,56.3,0,56.3,0,56.3,0,56.3,0,56.3,0,56.3,0,56.3,0,49.48747062166351,0,49.48747062166351,0,49.48747062166351,0,49.48747062166351,0,49.48747062166351,0,49.48747062166351,0,49.48747062166351,0,48.136324587138624,0,48.136324587138624,0,48.136324587138624,0,48.136324587138624,0,48.136324587138624,0,48.136324587138624,0,48.136324587138624,0,50.86363636363637,0,50.86363636363637,0,50.86363636363637,0,50.86363636363637,0,50.86363636363637,0,50.86363636363637,0,50.86363636363637,0,45.567176164477644,0,45.567176164477644,0,45.567176164477644,0,45.567176164477644,0,45.567176164477644,0,45.567176164477644,0,45.567176164477644,0
240,46.0,0,46.0,0,46.0,0,46.0,0,46.0,0,46.0,0,46.0,0,45.05,0,45.05,0,45.05,0,45.05,0,45.05,0,45.05,0,45.05,0,18832122308228.316,1,18832122308228.316,1,18832122308228.316,1,18832122308228.316,1,18832122308228.316,1,18832122308228.316,1,18832122308228.316,1,42.666666666666664,0,42.666666666666664,0,42.666666666666664,0,42.666666666666664,0,42.666666666666664,0,42.666666666666664,0,42.666666666666664,0,53.733333333333334,0,53.733333333333334,0,53.733333333333334,0,53.733333333333334,0,53.733333333333334,0,53.733333333333334,0,53.733333333333334,0,44.270114514734644,0,44.270114514734644,0,44.270114514734644,0,44.270114514734644,0,44.270114514734644,0,44.270114514734644,0,44.270114514734644,0,45.59,0,45.59,0,45.59,0,45.59,0,45.59,0,45.59,0,45.59,0,43.3,0,43.3,0,43.3,0,43.3,0,43.3,0,43.3,0,43.3,0,40.99988427473646,0,40.99988427473646,0,40.99988427473646,0,40.99988427473646,0,40.99988427473646,0,40.99988427473646,0,40.99988427473646,0,42.751114519694106,0,42.751114519694106,0,42.751114519694106,0,42.751114519694106,0,42.751114519694106,0,42.751114519694106,0,42.751114519694106,0,50.86363636363637,0,50.86363636363637,0,50.86363636363637,0,50.86363636363637,0,50.86363636363637,0,50.86363636363637,0,50.86363636363637,0,41.3065004503665,0,41.3065004503665,0,41.3065004503665,0,41.3065004503665,0,41.3065004503665,0,41.3065004503665,0,41.3065004503665,0
241,33.0,0,33.0,0,33.0,0,33.0,0,33.0,0,33.0,0,33.0,0,41.05,0,41.05,0,41.05,0,41.05,0,41.05,0,41.05,0,41.05,0,16594087567031.418,1,16594087567031.418,1,16594087567031.418,1,16594087567031.418,1,16594087567031.418,1,16594087567031.418,1,16594087567031.418,1,42.666666666666664,0,42.666666666666664,0,42.666666666666664,0,42.666666666666664,0,42.666666666666664,0,42.666666666666664,0,42.666666666666664,0,45.23076923076923,0,45.23076923076923,0,45.23076923076923,0,45.23076923076923,0,45.23076923076923,0,45.23076923076923,0,45.23076923076923,0,44.369945592165166,0,44.369945592165166,0,44.369945592165166,0,44.369945592165166,0,44.369945592165166,0,44.369945592165166,0,44.369945592165166,0,45.63,0,45.63,0,45.63,0,45.63,0,45.63,0,45.63,0,45.63,0,41.3,0,41.3,0,41.3,0,41.3,0,41.3,0,41.3,0,41.3,0,38.90648514659349,0,38.90648514659349,0,38.90648514659349,0,38.90648514659349,0,38.90648514659349,0,38.90648514659349,0,38.90648514659349,0,40.260832959609665,0,40.260832959609665,0,40.260832959609665,0,40.260832959609665,0,40.260832959609665,0,40.260832959609665,0,40.260832959609665,0,50.86363636363637,0,50.86363636363637,0,50.86363636363637,0,50.86363636363637,0,50.86363636363637,0,50.86363636363637,0,50.86363636363637,0,40.26927053453233,0,40.26927053453233,0,40.26927053453233,0,40.26927053453233,0,40.26927053453233,0,40.26927053453233,0,40.26927053453233,0
242,66.0,0,66.0,0,66.0,0,66.0,0,66.0,0,66.0,0,66.0,0,57.0,0,57.0,0,57.0,0,57.0,0,57.0,0,57.0,0,57.0,0,16695732618372.064,1,16695732618372.064,1,16695732618372.064,1,16695732618372.064,1,16695732618372.064,1,16695732618372.064,1,16695732618372.064,1,47.666666666666664,0,47.666666666666664,0,47.666666666666664,0,47.666666666666664,0,47.666666666666664,0,47.666666666666664,0,47.666666666666664,0,54.48979591836735,0,54.48979591836735,0,54.48979591836735,0,54.48979591836735,0,54.48979591836735,0,54.48979591836735,0,54.48979591836735,0,52.551742347750164,0,52.551742347750164,0,52.551742347750164,0,52.551742347750164,0,52.551742347750164,0,52.551742347750164,0,52.551742347750164,0,57.08,0,57.08,0,57.08,0,57.08,0,57.08,0,57.08,0,57.08,0,66.8,0,66.8,0,66.8,0,66.8,0,66.8,0,66.8,0,66.8,0,61.244789347730226,0,61.244789347730226,0,61.244789347730226,0,61.244789347730226,0,61.244789347730226,0,61.244789347730226,0,61.244789347730226,0,51.87336080307494,0,51.87336080307494,0,51.87336080307494,0,51.87336080307494,0,51.87336080307494,0,51.87336080307494,0,51.87336080307494,0,50.86363636363637,0,50.86363636363637,0,50.86363636363637,0,50.86363636363637,0,50.86363636363637,0,50.86363636363637,0,50.86363636363637,0,50.46952688111647,0,50.46952688111647,0,50.46952688111647,0,50.46952688111647,0,50.46952688111647,0,50.46952688111647,0,50.46952688111647,0
243,63.0,0,63.0,0,63.0,0,63.0,0,63.0,0,63.0,0,63.0,0,65.95,0,65.95,0,65.95,0,65.95,0,65.95,0,65.95,0,65.95,0,15392029622875.906,1,15392029622875.906,1,15392029622875.906,1,15392029622875.906,1,15392029622875.906,1,15392029622875.906,1,15392029622875.906,1,58.0,0,58.0,0,58.0,0,58.0,0,58.0,0,58.0,0,58.0,0,63.48,0,63.48,0,63.48,0,63.48,0,63.48,0,63.48,0,63.48,0,52.80725808354469,0,52.80725808354469,0,52.80725808354469,0,52.80725808354469,0,52.80725808354469,0,52.80725808354469,0,52.80725808354469,0,64.19,0,64.19,0,64.19,0,64.19,0,64.19,0,64.19,0,64.19,0,68.3,0,68.3,0,68.3,0,68.3,0,68.3,0,68.3,0,68.3,0,76.53053827615884,1,76.53053827615884,0,76.53053827615884,0,76.53053827615884,0,76.53053827615884,1,76.53053827615884,0,76.53053827615884,0,52.817494767364956,0,52.817494767364956,0,52.817494767364956,0,52.817494767364956,0,52.817494767364956,0,52.817494767364956,0,52.817494767364956,0,50.86363636363637,0,50.86363636363637,0,50.86363636363637,0,50.86363636363637,0,50.86363636363637,0,50.86363636363637,0,50.86363636363637,0,50.69702068011946,0,50.69702068011946,0,50.69702068011946,0,50.69702068011946,0,50.69702068011946,0,50.69702068011946,0,50.69702068011946,0
244,66.0,0,66.0,0,66.0,0,66.0,0,66.0,0,66.0,0,66.0,0,76.42,1,76.42,0,76.42,0,76.42,0,76.42,1,76.42,0,76.42,0,21076611633478.83,1,21076611633478.83,1,21076611633478.83,1,21076611633478.83,1,21076611633478.83,1,21076611633478.83,1,21076611633478.83,1,86.66666666666667,1,86.66666666666667,1,86.66666666666667,1,86.66666666666667,1,86.66666666666667,1,86.66666666666667,1,86.66666666666667,1,67.88235294117646,0,67.88235294117646,0,67.88235294117646,0,67.88235294117646,0,67.88235294117646,0,67.88235294117646,0,67.88235294117646,0,80.9774274856795,1,80.9774274856795,1,80.9774274856795,1,80.9774274856795,1,80.9774274856795,1,80.9774274856795,1,80.9774274856795,1,79.88,1,79.88,0,79.88,0,79.88,0,79.88,1,79.88,1,79.88,0,77.9,1,77.9,0,77.9,0,77.9,0,77.9,1,77.9,0,77.9,0,71.53700089372789,1,71.53700089372789,0,71.53700089372789,0,71.53700089372789,0,71.53700089372789,1,71.53700089372789,0,71.53700089372789,0,78.99639681043863,1,78.99639681043863,0,78.99639681043863,0,78.99639681043863,0,78.99639681043863,1,78.99639681043863,0,78.99639681043863,0,50.86363636363637,0,50.86363636363637,0,50.86363636363637,0,50.86363636363637,0,50.86363636363637,0,50.86363636363637,0,50.86363636363637,0,71.9391843489629,1,71.9391843489629,0,71.9391843489629,0,71.9391843489629,0,71.9391843489629,1,71.9391843489629,0,71.9391843489629,0
245,52.0,0,52.0,0,52.0,0,52.0,0,52.0,0,52.0,0,52.0,0,76.24,1,76.24,0,76.24,0,76.24,0,76.24,1,76.24,0,76.24,0,36401693727494.47,1,36401693727494.47,1,36401693727494.47,1,36401693727494.47,1,36401693727494.47,1,36401693727494.47,1,36401693727494.47,1,81.0,1,81.0,1,81.0,1,81.0,1,81.0,1,81.0,1,81.0,1,74.66666666666667,1,74.66666666666667,0,74.66666666666667,0,74.66666666666667,0,74.66666666666667,1,74.66666666666667,0,74.66666666666667,0,155.56084780333816,1,155.56084780333816,1,155.56084780333816,1,155.56084780333816,1,155.56084780333816,1,155.56084780333816,1,155.56084780333816,1,84.25,1,84.25,1,84.25,1,84.25,1,84.25,1,84.25,1,84.25,1,79.9,1,79.9,0,79.9,0,79.9,0,79.9,1,79.9,1,79.9,0,78.12124485053391,1,78.12124485053391,0,78.12124485053391,0,78.12124485053391,0,78.12124485053391,1,78.12124485053391,0,78.12124485053391,0,160.52676528979788,1,160.52676528979788,1,160.52676528979788,1,160.52676528979788,1,160.52676528979788,1,160.52676528979788,1,160.52676528979788,1,50.86363636363637,0,50.86363636363637,0,50.86363636363637,0,50.86363636363637,0,50.86363636363637,0,50.86363636363637,0,50.86363636363637,0,122.61044944270625,1,122.61044944270625,1,122.61044944270625,1,122.61044944270625,1,122.61044944270625,1,122.61044944270625,1,122.61044944270625,1
246,93.0,1,93.0,1,93.0,1,93.0,1,93.0,1,93.0,1,93.0,1,83.32,1,83.32,1,83.32,1,83.32,1,83.32,1,83.32,1,83.32,1,33470546987587.88,1,33470546987587.88,1,33470546987587.88,1,33470546987587.88,1,33470546987587.88,1,33470546987587.88,1,33470546987587.88,1,76.33333333333333,1,76.33333333333333,0,76.33333333333333,0,76.33333333333333,0,76.33333333333333,1,76.33333333333333,0,76.33333333333333,0,79.0909090909091,1,79.0909090909091,0,79.0909090909091,0,79.0909090909091,0,79.0909090909091,1,79.0909090909091,1,79.0909090909091,0,178.6602200664963,1,178.6602200664963,1,178.6602200664963,1,178.6602200664963,1,178.6602200664963,1,178.6602200664963,1,178.6602200664963,1,86.65,1,86.65,1,86.65,1,86.65,1,86.65,1,86.65,1,86.65,1,75.5,1,75.5,0,75.5,0,75.5,0,75.5,1,75.5,0,75.5,0,88.5189790618693,1,88.5189790618693,1,88.5189790618693,1,88.5189790618693,1,88.5189790618693,1,88.5189790618693,1,88.5189790618693,1,188.10672366579962,1,188.10672366579962,1,188.10672366579962,1,188.10672366579962,1,188.10672366579962,1,188.10672366579962,1,188.10672366579962,1,50.86363636363637,0,50.86363636363637,0,50.86363636363637,0,50.86363636363637,0,50.86363636363637,0,50.86363636363637,0,50.86363636363637,0,156.68970577399597,1,156.68970577399597,1,156.68970577399597,1,156.68970577399597,1,156.68970577399597,1,156.68970577399597,1,156.68970577399597,1
247,70.0,0,70.0,0,70.0,0,70.0,0,70.0,0,70.0,0,70.0,0,77.65,1,77.65,0,77.65,0,77.65,0,77.65,1,77.65,0,77.65,0,34881915086454.926,1,34881915086454.926,1,34881915086454.926,1,34881915086454.926,1,34881915086454.926,1,34881915086454.926,1,34881915086454.926,1,67.0,0,67.0,0,67.0,0,67.0,0,67.0,0,67.0,0,67.0,0,73.08823529411765,1,73.08823529411765,0,73.08823529411765,0,73.08823529411765,0,73.08823529411765,1,73.08823529411765,0,73.08823529411765,0,126.79594750241742,1,126.79594750241742,1,126.79594750241742,1,126.79594750241742,1,126.79594750241742,1,126.79594750241742,1,126.79594750241742,1,80.85,1,80.85,1,80.85,1,80.85,1,80.85,1,80.85,1,80.85,1,74.9,1,74.9,0,74.9,0,74.9,0,74.9,1,74.9,0,74.9,0,64.91013101854924,0,64.91013101854924,0,64.91013101854924,0,64.91013101854924,0,64.91013101854924,0,64.91013101854924,0,64.91013101854924,0,118.62773629530722,1,118.62773629530722,1,118.62773629530722,1,118.62773629530722,1,118.62773629530722,1,118.62773629530722,1,118.62773629530722,1,50.86363636363637,0,50.86363636363637,0,50.86363636363637,0,50.86363636363637,0,50.86363636363637,0,50.86363636363637,0,50.86363636363637,0,130.70050897804612,1,130.70050897804612,1,130.70050897804612,1,130.70050897804612,1,130.70050897804612,1,130.70050897804612,1,130.70050897804612,1
248,70.0,0,70.0,0,70.0,0,70.0,0,70.0,0,70.0,0,70.0,0,82.79,1,82.79,1,82.79,1,82.79,1,82.79,1,82.79,1,82.79,1,60550413006175.08,1,60550413006175.08,1,60550413006175.08,1,60550413006175.08,1,60550413006175.08,1,60550413006175.08,1,60550413006175.08,1,56.333333333333336,0,56.333333333333336,0,56.333333333333336,0,56.333333333333336,0,56.333333333333336,0,56.333333333333336,0,56.333333333333336,0,81.76,1,81.76,1,81.76,1,81.76,1,81.76,1,81.76,1,81.76,1,114.85976575974496,1,114.85976575974496,1,114.85976575974496,1,114.85976575974496,1,114.85976575974496,1,114.85976575974496,1,114.85976575974496,1,75.95,1,75.95,0,75.95,0,75.95,0,75.95,1,75.95,0,75.95,0,78.5,1,78.5,0,78.5,0,78.5,0,78.5,1,78.5,0,78.5,0,77.6708591050359,1,77.6708591050359,0,77.6708591050359,0,77.6708591050359,0,77.6708591050359,1,77.6708591050359,0,77.6708591050359,0,85.22417833570995,1,85.22417833570995,1,85.22417833570995,1,85.22417833570995,1,85.22417833570995,1,85.22417833570995,1,85.22417833570995,1,50.86363636363637,0,50.86363636363637,0,50.86363636363637,0,50.86363636363637,0,50.86363636363637,0,50.86363636363637,0,50.86363636363637,0,127.97009343231804,1,127.97009343231804,1,127.97009343231804,1,127.97009343231804,1,127.97009343231804,1,127.97009343231804,1,127.97009343231804,1
249,67.0,0,67.0,0,67.0,0,67.0,0,67.0,0,67.0,0,67.0,0,76.0,1,76.0,0,76.0,0,76.0,0,76.0,1,76.0,0,76.0,0,59696694841228.88,1,59696694841228.88,1,59696694841228.88,1,59696694841228.88,1,59696694841228.88,1,59696694841228.88,1,59696694841228.88,1,47.333333333333336,0,47.333333333333336,0,47.333333333333336,0,47.333333333333336,0,47.333333333333336,0,47.333333333333336,0,47.333333333333336,0,80.27272727272727,1,80.27272727272727,1,80.27272727272727,1,80.27272727272727,1,80.27272727272727,1,80.27272727272727,1,80.27272727272727,1,105.84708376145934,1,105.84708376145934,1,105.84708376145934,1,105.84708376145934,1,105.84708376145934,1,105.84708376145934,1,105.84708376145934,1,75.52,1,75.52,0,75.52,0,75.52,0,75.52,1,75.52,0,75.52,0,86.6,1,86.6,1,86.6,1,86.6,1,86.6,1,86.6,1,86.6,1,71.18941952898943,1,71.18941952898943,0,71.18941952898943,0,71.18941952898943,0,71.18941952898943,1,71.18941952898943,0,71.18941952898943,0,95.14120728315703,1,95.14120728315703,1,95.14120728315703,1,95.14120728315703,1,95.14120728315703,1,95.14120728315703,1,95.14120728315703,1,50.86363636363637,0,50.86363636363637,0,50.86363636363637,0,50.86363636363637,0,50.86363636363637,0,50.86363636363637,0,50.86363636363637,0,112.73867037226407,1,112.73867037226407,1,112.73867037226407,1,112.73867037226407,1,112.73867037226407,1,112.73867037226407,1,112.73867037226407,1
250,67.0,0,67.0,0,67.0,0,67.0,0,67.0,0,67.0,0,67.0,0,69.31,0,69.31,0,69.31,0,69.31,0,69.31,0,69.31,0,69.31,0,52429637985717.3,1,52429637985717.3,1,52429637985717.3,1,52429637985717.3,1,52429637985717.3,1,52429637985717.3,1,52429637985717.3,1,61.666666666666664,0,61.666666666666664,0,61.666666666666664,0,61.666666666666664,0,61.666666666666664,0,61.666666666666664,0,61.666666666666664,0,75.0625,1,75.0625,0,75.0625,0,75.0625,0,75.0625,1,75.0625,0,75.0625,0,98.53212942142466,1,98.53212942142466,1,98.53212942142466,1,98.53212942142466,1,98.53212942142466,1,98.53212942142466,1,98.53212942142466,1,71.76,1,71.76,0,71.76,0,71.76,0,71.76,1,71.76,0,71.76,0,69.4,0,69.4,0,69.4,0,69.4,0,69.4,0,69.4,0,69.4,0,71.18941952898943,1,71.18941952898943,0,71.18941952898943,0,71.18941952898943,0,71.18941952898943,1,71.18941952898943,0,71.18941952898943,0,121.68488120927924,1,121.68488120927924,1,121.68488120927924,1,121.68488120927924,1,121.68488120927924,1,121.68488120927924,1,121.68488120927924,1,50.86363636363637,0,50.86363636363637,0,50.86363636363637,0,50.86363636363637,0,50.86363636363637,0,50.86363636363637,0,50.86363636363637,0,118.37961165847415,1,118.37961165847415,1,118.37961165847415,1,118.37961165847415,1,118.37961165847415,1,118.37961165847415,1,118.37961165847415,1
251,77.0,1,77.0,0,77.0,0,77.0,0,77.0,1,77.0,0,77.0,0,77.59,1,77.59,0,77.59,0,77.59,0,77.59,1,77.59,0,77.59,0,51102387018158.875,1,51102387018158.875,1,51102387018158.875,1,51102387018158.875,1,51102387018158.875,1,51102387018158.875,1,51102387018158.875,1,74.66666666666667,1,74.66666666666667,0,74.66666666666667,0,74.66666666666667,0,74.66666666666667,1,74.66666666666667,0,74.66666666666667,0,80.27272727272727,1,80.27272727272727,1,80.27272727272727,1,80.27272727272727,1,80.27272727272727,1,80.27272727272727,1,80.27272727272727,1,95.60796189483642,1,95.60796189483642,1,95.60796189483642,1,95.60796189483642,1,95.60796189483642,1,95.60796189483642,1,95.60796189483642,1,72.93,1,72.93,0,72.93,0,72.93,0,72.93,1,72.93,0,72.93,0,81.9,1,81.9,1,81.9,1,81.9,1,81.9,1,81.9,1,81.9,1,71.18941952898943,1,71.18941952898943,0,71.18941952898943,0,71.18941952898943,0,71.18941952898943,1,71.18941952898943,0,71.18941952898943,0,116.287151304161,1,116.287151304161,1,116.287151304161,1,116.287151304161,1,116.287151304161,1,116.287151304161,1,116.287151304161,1,50.86363636363637,0,50.86363636363637,0,50.86363636363637,0,50.86363636363637,0,50.86363636363637,0,50.86363636363637,0,50.86363636363637,0,115.74448348904896,1,115.74448348904896,1,115.74448348904896,1,115.74448348904896,1,115.74448348904896,1,115.74448348904896,1,115.74448348904896,1
252,70.0,0,70.0,0,70.0,0,70.0,0,70.0,0,70.0,0,70.0,0,63.31,0,63.31,0,63.31,0,63.31,0,63.31,0,63.31,0,63.31,0,29248964582669.867,1,29248964582669.867,1,29248964582669.867,1,29248964582669.867,1,29248964582669.867,1,29248964582669.867,1,29248964582669.867,1,41.0,0,41.0,0,41.0,0,41.0,0,41.0,0,41.0,0,41.0,0,72.10112359550561,1,72.10112359550561,0,72.10112359550561,0,72.10112359550561,0,72.10112359550561,1,72.10112359550561,0,72.10112359550561,0,79.68147858510932,1,79.68147858510932,0,79.68147858510932,0,79.68147858510932,0,79.68147858510932,1,79.68147858510932,1,79.68147858510932,0,67.63,0,67.63,0,67.63,0,67.63,0,67.63,0,67.63,0,67.63,0,67.8,0,67.8,0,67.8,0,67.8,0,67.8,0,67.8,0,67.8,0,59.885858324159884,0,59.885858324159884,0,59.885858324159884,0,59.885858324159884,0,59.885858324159884,0,59.885858324159884,0,59.885858324159884,0,80.04422900187006,1,80.04422900187006,1,80.04422900187006,1,80.04422900187006,1,80.04422900187006,1,80.04422900187006,1,80.04422900187006,1,50.86363636363637,0,50.86363636363637,0,50.86363636363637,0,50.86363636363637,0,50.86363636363637,0,50.86363636363637,0,50.86363636363637,0,82.18401119101809,1,82.18401119101809,1,82.18401119101809,1,82.18401119101809,1,82.18401119101809,1,82.18401119101809,1,82.18401119101809,1
253,77.0,1,77.0,0,77.0,0,77.0,0,77.0,1,77.0,0,77.0,0,64.77,0,64.77,0,64.77,0,64.77,0,64.77,0,64.77,0,64.77,0,33693797293307.746,1,33693797293307.746,1,33693797293307.746,1,33693797293307.746,1,33693797293307.746,1,33693797293307.746,1,33693797293307.746,1,62.666666666666664,0,62.666666666666664,0,62.666666666666664,0,62.666666666666664,0,62.666666666666664,0,62.666666666666664,0,62.666666666666664,0,71.76470588235294,1,71.76470588235294,0,71.76470588235294,0,71.76470588235294,0,71.76470588235294,1,71.76470588235294,0,71.76470588235294,0,80.4359206944356,1,80.4359206944356,1,80.4359206944356,1,80.4359206944356,1,80.4359206944356,1,80.4359206944356,1,80.4359206944356,1,70.8,1,70.8,0,70.8,0,70.8,0,70.8,0,70.8,0,70.8,0,61.0,0,61.0,0,61.0,0,61.0,0,61.0,0,61.0,0,61.0,0,63.666932315217075,0,63.666932315217075,0,63.666932315217075,0,63.666932315217075,0,63.666932315217075,0,63.666932315217075,0,63.666932315217075,0,82.43352115206864,1,82.43352115206864,1,82.43352115206864,1,82.43352115206864,1,82.43352115206864,1,82.43352115206864,1,82.43352115206864,1,50.86363636363637,0,50.86363636363637,0,50.86363636363637,0,50.86363636363637,0,50.86363636363637,0,50.86363636363637,0,50.86363636363637,0,82.57364301411621,1,82.57364301411621,1,82.57364301411621,1,82.57364301411621,1,82.57364301411621,1,82.57364301411621,1,82.57364301411621,1
254,28.0,0,28.0,0,28.0,0,28.0,0,28.0,0,28.0,0,28.0,0,39.14,0,39.14,0,39.14,0,39.14,0,39.14,0,39.14,0,39.14,0,30255873081927.51,1,30255873081927.51,1,30255873081927.51,1,30255873081927.51,1,30255873081927.51,1,30255873081927.51,1,30255873081927.51,1,45.0,0,45.0,0,45.0,0,45.0,0,45.0,0,45.0,0,45.0,0,49.95348837209303,0,49.95348837209303,0,49.95348837209303,0,49.95348837209303,0,49.95348837209303,0,49.95348837209303,0,49.95348837209303,0,62.96390597800757,0,62.96390597800757,0,62.96390597800757,0,62.96390597800757,0,62.96390597800757,0,62.96390597800757,0,62.96390597800757,0,37.36,0,37.36,0,37.36,0,37.36,0,37.36,0,37.36,0,37.36,0,38.5,0,38.5,0,38.5,0,38.5,0,38.5,0,38.5,0,38.5,0,48.59824006230666,0,48.59824006230666,0,48.59824006230666,0,48.59824006230666,0,48.59824006230666,0,48.59824006230666,0,48.59824006230666,0,60.330197038342526,0,60.330197038342526,0,60.330197038342526,0,60.330197038342526,0,60.330197038342526,0,60.330197038342526,0,60.330197038342526,0,50.86363636363637,0,50.86363636363637,0,50.86363636363637,0,50.86363636363637,0,50.86363636363637,0,50.86363636363637,0,50.86363636363637,0,58.57065508990707,0,58.57065508990707,0,58.57065508990707,0,58.57065508990707,0,58.57065508990707,0,58.57065508990707,0,58.57065508990707,0
255,35.0,0,35.0,0,35.0,0,35.0,0,35.0,0,35.0,0,35.0,0,46.85,0,46.85,0,46.85,0,46.85,0,46.85,0,46.85,0,46.85,0,24802087153780.164,1,24802087153780.164,1,24802087153780.164,1,24802087153780.164,1,24802087153780.164,1,24802087153780.164,1,24802087153780.164,1,57.333333333333336,0,57.333333333333336,0,57.333333333333336,0,57.333333333333336,0,57.333333333333336,0,57.333333333333336,0,57.333333333333336,0,54.714285714285715,0,54.714285714285715,0,54.714285714285715,0,54.714285714285715,0,54.714285714285715,0,54.714285714285715,0,54.714285714285715,0,59.35445303615648,0,59.35445303615648,0,59.35445303615648,0,59.35445303615648,0,59.35445303615648,0,59.35445303615648,0,59.35445303615648,0,52.82,0,52.82,0,52.82,0,52.82,0,52.82,0,52.82,0,52.82,0,54.9,0,54.9,0,54.9,0,54.9,0,54.9,0,54.9,0,54.9,0,48.66634205962128,0,48.66634205962128,0,48.66634205962128,0,48.66634205962128,0,48.66634205962128,0,48.66634205962128,0,48.66634205962128,0,56.51175202196696,0,56.51175202196696,0,56.51175202196696,0,56.51175202196696,0,56.51175202196696,0,56.51175202196696,0,56.51175202196696,0,50.86363636363637,0,50.86363636363637,0,50.86363636363637,0,50.86363636363637,0,50.86363636363637,0,50.86363636363637,0,50.86363636363637,0,54.70579371855946,0,54.70579371855946,0,54.70579371855946,0,54.70579371855946,0,54.70579371855946,0,54.70579371855946,0,54.70579371855946,0
256,90.0,1,90.0,1,90.0,1,90.0,1,90.0,1,90.0,1,90.0,1,69.04,0,69.04,0,69.04,0,69.04,0,69.04,0,69.04,0,69.04,0,30034986567833.062,1,30034986567833.062,1,30034986567833.062,1,30034986567833.062,1,30034986567833.062,1,30034986567833.062,1,30034986567833.062,1,50.666666666666664,0,50.666666666666664,0,50.666666666666664,0,50.666666666666664,0,50.666666666666664,0,50.666666666666664,0,50.666666666666664,0,66.55405405405405,0,66.55405405405405,0,66.55405405405405,0,66.55405405405405,0,66.55405405405405,0,66.55405405405405,0,66.55405405405405,0,60.480167029991314,0,60.480167029991314,0,60.480167029991314,0,60.480167029991314,0,60.480167029991314,0,60.480167029991314,0,60.480167029991314,0,73.34,1,73.34,0,73.34,0,73.34,0,73.34,1,73.34,0,73.34,0,67.0,0,67.0,0,67.0,0,67.0,0,67.0,0,67.0,0,67.0,0,68.25629103417558,0,68.25629103417558,0,68.25629103417558,0,68.25629103417558,0,68.25629103417558,0,68.25629103417558,0,68.25629103417558,0,64.31973906085165,0,64.31973906085165,0,64.31973906085165,0,64.31973906085165,0,64.31973906085165,0,64.31973906085165,0,64.31973906085165,0,50.86363636363637,0,50.86363636363637,0,50.86363636363637,0,50.86363636363637,0,50.86363636363637,0,50.86363636363637,0,50.86363636363637,0,64.45791661456025,0,64.45791661456025,0,64.45791661456025,0,64.45791661456025,0,64.45791661456025,0,64.45791661456025,0,64.45791661456025,0
257,69.0,0,69.0,0,69.0,0,69.0,0,69.0,0,69.0,0,69.0,0,68.1,0,68.1,0,68.1,0,68.1,0,68.1,0,68.1,0,68.1,0,20224899723998.438,1,20224899723998.438,1,20224899723998.438,1,20224899723998.438,1,20224899723998.438,1,20224899723998.438,1,20224899723998.438,1,47.666666666666664,0,47.666666666666664,0,47.666666666666664,0,47.666666666666664,0,47.666666666666664,0,47.666666666666664,0,47.666666666666664,0,70.91176470588235,1,70.91176470588235,0,70.91176470588235,0,70.91176470588235,0,70.91176470588235,1,70.91176470588235,0,70.91176470588235,0,63.03680937458454,0,63.03680937458454,0,63.03680937458454,0,63.03680937458454,0,63.03680937458454,0,63.03680937458454,0,63.03680937458454,0,66.86,0,66.86,0,66.86,0,66.86,0,66.86,0,66.86,0,66.86,0,75.3,1,75.3,0,75.3,0,75.3,0,75.3,1,75.3,0,75.3,0,72.02251164059048,1,72.02251164059048,0,72.02251164059048,0,72.02251164059048,0,72.02251164059048,1,72.02251164059048,0,72.02251164059048,0,63.29402653928667,0,63.29402653928667,0,63.29402653928667,0,63.29402653928667,0,63.29402653928667,0,63.29402653928667,0,63.29402653928667,0,50.86363636363637,0,50.86363636363637,0,50.86363636363637,0,50.86363636363637,0,50.86363636363637,0,50.86363636363637,0,50.86363636363637,0,65.26093484608558,0,65.26093484608558,0,65.26093484608558,0,65.26093484608558,0,65.26093484608558,0,65.26093484608558,0,65.26093484608558,0
258,62.0,0,62.0,0,62.0,0,62.0,0,62.0,0,62.0,0,62.0,0,67.41,0,67.41,0,67.41,0,67.41,0,67.41,0,67.41,0,67.41,0,22580128912011.68,1,22580128912011.68,1,22580128912011.68,1,22580128912011.68,1,22580128912011.68,1,22580128912011.68,1,22580128912011.68,1,63.0,0,63.0,0,63.0,0,63.0,0,63.0,0,63.0,0,63.0,0,64.04477611940298,0,64.04477611940298,0,64.04477611940298,0,64.04477611940298,0,64.04477611940298,0,64.04477611940298,0,64.04477611940298,0,66.68006818922797,0,66.68006818922797,0,66.68006818922797,0,66.68006818922797,0,66.68006818922797,0,66.68006818922797,0,66.68006818922797,0,62.98,0,62.98,0,62.98,0,62.98,0,62.98,0,62.98,0,62.98,0,71.8,1,71.8,0,71.8,0,71.8,0,71.8,1,71.8,0,71.8,0,61.38675290963374,0,61.38675290963374,0,61.38675290963374,0,61.38675290963374,0,61.38675290963374,0,61.38675290963374,0,61.38675290963374,0,70.14162152966998,0,70.14162152966998,0,70.14162152966998,0,70.14162152966998,0,70.14162152966998,0,70.14162152966998,0,70.14162152966998,0,50.86363636363637,0,50.86363636363637,0,50.86363636363637,0,50.86363636363637,0,50.86363636363637,0,50.86363636363637,0,50.86363636363637,0,67.6398186240667,0,67.6398186240667,0,67.6398186240667,0,67.6398186240667,0,67.6398186240667,0,67.6398186240667,0,67.6398186240667,0
259,60.0,0,60.0,0,60.0,0,60.0,0,60.0,0,60.0,0,60.0,0,62.7,0,62.7,0,62.7,0,62.7,0,62.7,0,62.7,0,62.7,0,20096649484148.547,1,20096649484148.547,1,20096649484148.547,1,20096649484148.547,1,20096649484148.547,1,20096649484148.547,1,20096649484148.547,1,68.66666666666667,0,68.66666666666667,0,68.66666666666667,0,68.66666666666667,0,68.66666666666667,0,68.66666666666667,0,68.66666666666667,0,57.857142857142854,0,57.857142857142854,0,57.857142857142854,0,57.857142857142854,0,57.857142857142854,0,57.857142857142854,0,57.857142857142854,0,61.21087895931719,0,61.21087895931719,0,61.21087895931719,0,61.21087895931719,0,61.21087895931719,0,61.21087895931719,0,61.21087895931719,0,67.69,0,67.69,0,67.69,0,67.69,0,67.69,0,67.69,0,67.69,0,69.8,0,69.8,0,69.8,0,69.8,0,69.8,0,69.8,0,69.8,0,63.64872955557251,0,63.64872955557251,0,63.64872955557251,0,63.64872955557251,0,63.64872955557251,0,63.64872955557251,0,63.64872955557251,0,57.287006748390404,0,57.287006748390404,0,57.287006748390404,0,57.287006748390404,0,57.287006748390404,0,57.287006748390404,0,57.287006748390404,0,50.86363636363637,0,50.86363636363637,0,50.86363636363637,0,50.86363636363637,0,50.86363636363637,0,50.86363636363637,0,50.86363636363637,0,62.523494352033175,0,62.523494352033175,0,62.523494352033175,0,62.523494352033175,0,62.523494352033175,0,62.523494352033175,0,62.523494352033175,0
260,63.0,0,63.0,0,63.0,0,63.0,0,63.0,0,63.0,0,63.0,0,70.14,0,70.14,0,70.14,0,70.14,0,70.14,0,70.14,0,70.14,0,21263409836331.227,1,21263409836331.227,1,21263409836331.227,1,21263409836331.227,1,21263409836331.227,1,21263409836331.227,1,21263409836331.227,1,61.666666666666664,0,61.666666666666664,0,61.666666666666664,0,61.666666666666664,0,61.666666666666664,0,61.666666666666664,0,61.666666666666664,0,80.27272727272727,1,80.27272727272727,1,80.27272727272727,1,80.27272727272727,1,80.27272727272727,1,80.27272727272727,1,80.27272727272727,1,63.615347824745456,0,63.615347824745456,0,63.615347824745456,0,63.615347824745456,0,63.615347824745456,0,63.615347824745456,0,63.615347824745456,0,71.21,1,71.21,0,71.21,0,71.21,0,71.21,1,71.21,0,71.21,0,73.6,1,73.6,0,73.6,0,73.6,0,73.6,1,73.6,0,73.6,0,69.28003686330555,0,69.28003686330555,0,69.28003686330555,0,69.28003686330555,0,69.28003686330555,0,69.28003686330555,0,69.28003686330555,0,58.107896703022725,0,58.107896703022725,0,58.107896703022725,0,58.107896703022725,0,58.107896703022725,0,58.107896703022725,0,58.107896703022725,0,50.86363636363637,0,50.86363636363637,0,50.86363636363637,0,50.86363636363637,0,50.86363636363637,0,50.86363636363637,0,50.86363636363637,0,66.00450638523048,0,66.00450638523048,0,66.00450638523048,0,66.00450638523048,0,66.00450638523048,0,66.00450638523048,0,66.00450638523048,0
261,52.0,0,52.0,0,52.0,0,52.0,0,52.0,0,52.0,0,52.0,0,67.82,0,67.82,0,67.82,0,67.82,0,67.82,0,67.82,0,67.82,0,27645934228135.71,1,27645934228135.71,1,27645934228135.71,1,27645934228135.71,1,27645934228135.71,1,27645934228135.71,1,27645934228135.71,1,59.333333333333336,0,59.333333333333336,0,59.333333333333336,0,59.333333333333336,0,59.333333333333336,0,59.333333333333336,0,59.333333333333336,0,68.0,0,68.0,0,68.0,0,68.0,0,68.0,0,68.0,0,68.0,0,79.23805557497056,1,79.23805557497056,0,79.23805557497056,0,79.23805557497056,0,79.23805557497056,1,79.23805557497056,1,79.23805557497056,0,65.23,0,65.23,0,65.23,0,65.23,0,65.23,0,65.23,0,65.23,0,67.5,0,67.5,0,67.5,0,67.5,0,67.5,0,67.5,0,67.5,0,71.53458090831225,1,71.53458090831225,0,71.53458090831225,0,71.53458090831225,0,71.53458090831225,1,71.53458090831225,0,71.53458090831225,0,78.32154303394742,1,78.32154303394742,0,78.32154303394742,0,78.32154303394742,0,78.32154303394742,1,78.32154303394742,0,78.32154303394742,0,50.86363636363637,0,50.86363636363637,0,50.86363636363637,0,50.86363636363637,0,50.86363636363637,0,50.86363636363637,0,50.86363636363637,0,83.49175150575756,1,83.49175150575756,1,83.49175150575756,1,83.49175150575756,1,83.49175150575756,1,83.49175150575756,1,83.49175150575756,1
262,105.0,1,105.0,1,105.0,1,105.0,1,105.0,1,105.0,1,105.0,1,70.27,0,70.27,0,70.27,0,70.27,0,70.27,0,70.27,0,70.27,0,23619991404706.715,1,23619991404706.715,1,23619991404706.715,1,23619991404706.715,1,23619991404706.715,1,23619991404706.715,1,23619991404706.715,1,64.66666666666667,0,64.66666666666667,0,64.66666666666667,0,64.66666666666667,0,64.66666666666667,0,64.66666666666667,0,64.66666666666667,0,73.08823529411765,1,73.08823529411765,0,73.08823529411765,0,73.08823529411765,0,73.08823529411765,1,73.08823529411765,0,73.08823529411765,0,81.25098759738489,1,81.25098759738489,1,81.25098759738489,1,81.25098759738489,1,81.25098759738489,1,81.25098759738489,1,81.25098759738489,1,73.03,1,73.03,0,73.03,0,73.03,0,73.03,1,73.03,0,73.03,0,72.2,1,72.2,0,72.2,0,72.2,0,72.2,1,72.2,0,72.2,0,86.05673518257011,1,86.05673518257011,1,86.05673518257011,1,86.05673518257011,1,86.05673518257011,1,86.05673518257011,1,86.05673518257011,1,82.34422688878254,1,82.34422688878254,1,82.34422688878254,1,82.34422688878254,1,82.34422688878254,1,82.34422688878254,1,82.34422688878254,1,50.86363636363637,0,50.86363636363637,0,50.86363636363637,0,50.86363636363637,0,50.86363636363637,0,50.86363636363637,0,50.86363636363637,0,89.36199499718383,1,89.36199499718383,1,89.36199499718383,1,89.36199499718383,1,89.36199499718383,1,89.36199499718383,1,89.36199499718383,1
263,88.0,1,88.0,1,88.0,1,88.0,1,88.0,1,88.0,1,88.0,1,78.91,1,78.91,0,78.91,0,78.91,0,78.91,1,78.91,0,78.91,0,34593001237296.94,1,34593001237296.94,1,34593001237296.94,1,34593001237296.94,1,34593001237296.94,1,34593001237296.94,1,34593001237296.94,1,81.0,1,81.0,1,81.0,1,81.0,1,81.0,1,81.0,1,81.0,1,69.88235294117646,0,69.88235294117646,0,69.88235294117646,0,69.88235294117646,0,69.88235294117646,0,69.88235294117646,0,69.88235294117646,0,118.71080607782764,1,118.71080607782764,1,118.71080607782764,1,118.71080607782764,1,118.71080607782764,1,118.71080607782764,1,118.71080607782764,1,81.5,1,81.5,1,81.5,1,81.5,1,81.5,1,81.5,1,81.5,1,77.4,1,77.4,0,77.4,0,77.4,0,77.4,1,77.4,0,77.4,0,69.4660393927319,0,69.4660393927319,0,69.4660393927319,0,69.4660393927319,0,69.4660393927319,0,69.4660393927319,0,69.4660393927319,0,121.32903715583512,1,121.32903715583512,1,121.32903715583512,1,121.32903715583512,1,121.32903715583512,1,121.32903715583512,1,121.32903715583512,1,50.86363636363637,0,50.86363636363637,0,50.86363636363637,0,50.86363636363637,0,50.86363636363637,0,50.86363636363637,0,50.86363636363637,0,114.70430914784225,1,114.70430914784225,1,114.70430914784225,1,114.70430914784225,1,114.70430914784225,1,114.70430914784225,1,114.70430914784225,1
264,70.0,0,70.0,0,70.0,0,70.0,0,70.0,0,70.0,0,70.0,0,70.52,0,70.52,0,70.52,0,70.52,0,70.52,0,70.52,0,70.52,0,29800474362263.1,1,29800474362263.1,1,29800474362263.1,1,29800474362263.1,1,29800474362263.1,1,29800474362263.1,1,29800474362263.1,1,76.66666666666667,1,76.66666666666667,0,76.66666666666667,0,76.66666666666667,0,76.66666666666667,1,76.66666666666667,0,76.66666666666667,0,73.08823529411765,1,73.08823529411765,0,73.08823529411765,0,73.08823529411765,0,73.08823529411765,1,73.08823529411765,0,73.08823529411765,0,102.52846886690918,1,102.52846886690918,1,102.52846886690918,1,102.52846886690918,1,102.52846886690918,1,102.52846886690918,1,102.52846886690918,1,70.22,0,70.22,0,70.22,0,70.22,0,70.22,0,70.22,0,70.22,0,62.3,0,62.3,0,62.3,0,62.3,0,62.3,0,62.3,0,62.3,0,77.40985660529297,1,77.40985660529297,0,77.40985660529297,0,77.40985660529297,0,77.40985660529297,1,77.40985660529297,0,77.40985660529297,0,102.36925334516133,1,102.36925334516133,1,102.36925334516133,1,102.36925334516133,1,102.36925334516133,1,102.36925334516133,1,102.36925334516133,1,50.86363636363637,0,50.86363636363637,0,50.86363636363637,0,50.86363636363637,0,50.86363636363637,0,50.86363636363637,0,50.86363636363637,0,104.96457723509528,1,104.96457723509528,1,104.96457723509528,1,104.96457723509528,1,104.96457723509528,1,104.96457723509528,1,104.96457723509528,1
265,70.0,0,70.0,0,70.0,0,70.0,0,70.0,0,70.0,0,70.0,0,68.17,0,68.17,0,68.17,0,68.17,0,68.17,0,68.17,0,68.17,0,31187827929353.426,1,31187827929353.426,1,31187827929353.426,1,31187827929353.426,1,31187827929353.426,1,31187827929353.426,1,31187827929353.426,1,70.0,0,70.0,0,70.0,0,70.0,0,70.0,0,70.0,0,70.0,0,75.0625,1,75.0625,0,75.0625,0,75.0625,0,75.0625,1,75.0625,0,75.0625,0,92.68827700441375,1,92.68827700441375,1,92.68827700441375,1,92.68827700441375,1,92.68827700441375,1,92.68827700441375,1,92.68827700441375,1,70.92,1,70.92,0,70.92,0,70.92,0,70.92,1,70.92,0,70.92,0,68.4,0,68.4,0,68.4,0,68.4,0,68.4,0,68.4,0,68.4,0,76.24092361010456,1,76.24092361010456,0,76.24092361010456,0,76.24092361010456,0,76.24092361010456,1,76.24092361010456,0,76.24092361010456,0,84.45208413803408,1,84.45208413803408,1,84.45208413803408,1,84.45208413803408,1,84.45208413803408,1,84.45208413803408,1,84.45208413803408,1,50.86363636363637,0,50.86363636363637,0,50.86363636363637,0,50.86363636363637,0,50.86363636363637,0,50.86363636363637,0,50.86363636363637,0,97.43203358206355,1,97.43203358206355,1,97.43203358206355,1,97.43203358206355,1,97.43203358206355,1,97.43203358206355,1,97.43203358206355,1
266,90.0,1,90.0,1,90.0,1,90.0,1,90.0,1,90.0,1,90.0,1,74.54,1,74.54,0,74.54,0,74.54,0,74.54,1,74.54,0,74.54,0,43800052032761.375,1,43800052032761.375,1,43800052032761.375,1,43800052032761.375,1,43800052032761.375,1,43800052032761.375,1,43800052032761.375,1,69.0,0,69.0,0,69.0,0,69.0,0,69.0,0,69.0,0,69.0,0,79.5,1,79.5,0,79.5,0,79.5,0,79.5,1,79.5,1,79.5,0,77.72745296320778,1,77.72745296320778,0,77.72745296320778,0,77.72745296320778,0,77.72745296320778,1,77.72745296320778,0,77.72745296320778,0,77.76,1,77.76,0,77.76,0,77.76,0,77.76,1,77.76,0,77.76,0,86.2,1,86.2,1,86.2,1,86.2,1,86.2,1,86.2,1,86.2,1,67.43283212513857,0,67.43283212513857,0,67.43283212513857,0,67.43283212513857,0,67.43283212513857,0,67.43283212513857,0,67.43283212513857,0,70.28572161541325,0,70.28572161541325,0,70.28572161541325,0,70.28572161541325,0,70.28572161541325,0,70.28572161541325,0,70.28572161541325,0,50.86363636363637,0,50.86363636363637,0,50.86363636363637,0,50.86363636363637,0,50.86363636363637,0,50.86363636363637,0,50.86363636363637,0,76.83402293641892,1,76.83402293641892,0,76.83402293641892,0,76.83402293641892,0,76.83402293641892,1,76.83402293641892,0,76.83402293641892,0
267,58.0,0,58.0,0,58.0,0,58.0,0,58.0,0,58.0,0,58.0,0,65.43,0,65.43,0,65.43,0,65.43,0,65.43,0,65.43,0,65.43,0,36075268112268.76,1,36075268112268.76,1,36075268112268.76,1,36075268112268.76,1,36075268112268.76,1,36075268112268.76,1,36075268112268.76,1,53.333333333333336,0,53.333333333333336,0,53.333333333333336,0,53.333333333333336,0,53.333333333333336,0,53.333333333333336,0,53.333333333333336,0,72.10112359550561,1,72.10112359550561,0,72.10112359550561,0,72.10112359550561,0,72.10112359550561,1,72.10112359550561,0,72.10112359550561,0,89.22509461561921,1,89.22509461561921,1,89.22509461561921,1,89.22509461561921,1,89.22509461561921,1,89.22509461561921,1,89.22509461561921,1,62.08,0,62.08,0,62.08,0,62.08,0,62.08,0,62.08,0,62.08,0,67.9,0,67.9,0,67.9,0,67.9,0,67.9,0,67.9,0,67.9,0,65.01007907393397,0,65.01007907393397,0,65.01007907393397,0,65.01007907393397,0,65.01007907393397,0,65.01007907393397,0,65.01007907393397,0,85.82490751470942,1,85.82490751470942,1,85.82490751470942,1,85.82490751470942,1,85.82490751470942,1,85.82490751470942,1,85.82490751470942,1,50.86363636363637,0,50.86363636363637,0,50.86363636363637,0,50.86363636363637,0,50.86363636363637,0,50.86363636363637,0,50.86363636363637,0,92.19043613089092,1,92.19043613089092,1,92.19043613089092,1,92.19043613089092,1,92.19043613089092,1,92.19043613089092,1,92.19043613089092,1
268,63.0,0,63.0,0,63.0,0,63.0,0,63.0,0,63.0,0,63.0,0,74.94,1,74.94,0,74.94,0,74.94,0,74.94,1,74.94,0,74.94,0,36453356090914.484,1,36453356090914.484,1,36453356090914.484,1,36453356090914.484,1,36453356090914.484,1,36453356090914.484,1,36453356090914.484,1,74.66666666666667,1,74.66666666666667,0,74.66666666666667,0,74.66666666666667,0,74.66666666666667,1,74.66666666666667,0,74.66666666666667,0,73.08823529411765,1,73.08823529411765,0,73.08823529411765,0,73.08823529411765,0,73.08823529411765,1,73.08823529411765,0,73.08823529411765,0,75.96057713288229,1,75.96057713288229,0,75.96057713288229,0,75.96057713288229,0,75.96057713288229,1,75.96057713288229,0,75.96057713288229,0,75.89,1,75.89,0,75.89,0,75.89,0,75.89,1,75.89,0,75.89,0,84.5,1,84.5,1,84.5,1,84.5,1,84.5,1,84.5,1,84.5,1,70.61853085707432,0,70.61853085707432,0,70.61853085707432,0,70.61853085707432,0,70.61853085707432,0,70.61853085707432,0,70.61853085707432,0,90.55111602670428,1,90.55111602670428,1,90.55111602670428,1,90.55111602670428,1,90.55111602670428,1,90.55111602670428,1,90.55111602670428,1,50.86363636363637,0,50.86363636363637,0,50.86363636363637,0,50.86363636363637,0,50.86363636363637,0,50.86363636363637,0,50.86363636363637,0,89.54297019240155,1,89.54297019240155,1,89.54297019240155,1,89.54297019240155,1,89.54297019240155,1,89.54297019240155,1,89.54297019240155,1
269,77.0,1,77.0,0,77.0,0,77.0,0,77.0,1,77.0,0,77.0,0,68.25,0,68.25,0,68.25,0,68.25,0,68.25,0,68.25,0,68.25,0,29739353662992.484,1,29739353662992.484,1,29739353662992.484,1,29739353662992.484,1,29739353662992.484,1,29739353662992.484,1,29739353662992.484,1,59.666666666666664,0,59.666666666666664,0,59.666666666666664,0,59.666666666666664,0,59.666666666666664,0,59.666666666666664,0,59.666666666666664,0,69.61764705882354,0,69.61764705882354,0,69.61764705882354,0,69.61764705882354,0,69.61764705882354,0,69.61764705882354,0,69.61764705882354,0,76.77164217805125,1,76.77164217805125,0,76.77164217805125,0,76.77164217805125,0,76.77164217805125,1,76.77164217805125,0,76.77164217805125,0,69.14,0,69.14,0,69.14,0,69.14,0,69.14,0,69.14,0,69.14,0,69.7,0,69.7,0,69.7,0,69.7,0,69.7,0,69.7,0,69.7,0,66.28948705208123,0,66.28948705208123,0,66.28948705208123,0,66.28948705208123,0,66.28948705208123,0,66.28948705208123,0,66.28948705208123,0,78.4035145188314,1,78.4035145188314,0,78.4035145188314,0,78.4035145188314,0,78.4035145188314,1,78.4035145188314,0,78.4035145188314,0,50.86363636363637,0,50.86363636363637,0,50.86363636363637,0,50.86363636363637,0,50.86363636363637,0,50.86363636363637,0,50.86363636363637,0,79.39931311495046,1,79.39931311495046,0,79.39931311495046,0,79.39931311495046,0,79.39931311495046,1,79.39931311495046,1,79.39931311495046,0
270,35.0,0,35.0,0,35.0,0,35.0,0,35.0,0,35.0,0,35.0,0,44.04,0,44.04,0,44.04,0,44.04,0,44.04,0,44.04,0,44.04,0,26720565337993.27,1,26720565337993.27,1,26720565337993.27,1,26720565337993.27,1,26720565337993.27,1,26720565337993.27,1,26720565337993.27,1,42.333333333333336,0,42.333333333333336,0,42.333333333333336,0,42.333333333333336,0,42.333333333333336,0,42.333333333333336,0,42.333333333333336,0,50.02247191011236,0,50.02247191011236,0,50.02247191011236,0,50.02247191011236,0,50.02247191011236,0,50.02247191011236,0,50.02247191011236,0,61.456689335575426,0,61.456689335575426,0,61.456689335575426,0,61.456689335575426,0,61.456689335575426,0,61.456689335575426,0,61.456689335575426,0,42.79,0,42.79,0,42.79,0,42.79,0,42.79,0,42.79,0,42.79,0,42.1,0,42.1,0,42.1,0,42.1,0,42.1,0,42.1,0,42.1,0,50.570100771289646,0,50.570100771289646,0,50.570100771289646,0,50.570100771289646,0,50.570100771289646,0,50.570100771289646,0,50.570100771289646,0,59.732883327994436,0,59.732883327994436,0,59.732883327994436,0,59.732883327994436,0,59.732883327994436,0,59.732883327994436,0,59.732883327994436,0,50.86363636363637,0,50.86363636363637,0,50.86363636363637,0,50.86363636363637,0,50.86363636363637,0,50.86363636363637,0,50.86363636363637,0,57.896534220576704,0,57.896534220576704,0,57.896534220576704,0,57.896534220576704,0,57.896534220576704,0,57.896534220576704,0,57.896534220576704,0
271,48.0,0,48.0,0,48.0,0,48.0,0,48.0,0,48.0,0,48.0,0,54.8,0,54.8,0,54.8,0,54.8,0,54.8,0,54.8,0,54.8,0,24565555649027.867,1,24565555649027.867,1,24565555649027.867,1,24565555649027.867,1,24565555649027.867,1,24565555649027.867,1,24565555649027.867,1,48.333333333333336,0,48.333333333333336,0,48.333333333333336,0,48.333333333333336,0,48.333333333333336,0,48.333333333333336,0,48.333333333333336,0,54.8125,0,54.8125,0,54.8125,0,54.8125,0,54.8125,0,54.8125,0,54.8125,0,61.88839081650736,0,61.88839081650736,0,61.88839081650736,0,61.88839081650736,0,61.88839081650736,0,61.88839081650736,0,61.88839081650736,0,55.68,0,55.68,0,55.68,0,55.68,0,55.68,0,55.68,0,55.68,0,60.8,0,60.8,0,60.8,0,60.8,0,60.8,0,60.8,0,60.8,0,59.19947078487554,0,59.19947078487554,0,59.19947078487554,0,59.19947078487554,0,59.19947078487554,0,59.19947078487554,0,59.19947078487554,0,58.11890776384296,0,58.11890776384296,0,58.11890776384296,0,58.11890776384296,0,58.11890776384296,0,58.11890776384296,0,58.11890776384296,0,50.86363636363637,0,50.86363636363637,0,50.86363636363637,0,50.86363636363637,0,50.86363636363637,0,50.86363636363637,0,50.86363636363637,0,59.70880754511084,0,59.70880754511084,0,59.70880754511084,0,59.70880754511084,0,59.70880754511084,0,59.70880754511084,0,59.70880754511084,0
272,77.0,1,77.0,0,77.0,0,77.0,0,77.0,1,77.0,0,77.0,0,68.77,0,68.77,0,68.77,0,68.77,0,68.77,0,68.77,0,68.77,0,30194791987299.566,1,30194791987299.566,1,30194791987299.566,1,30194791987299.566,1,30194791987299.566,1,30194791987299.566,1,30194791987299.566,1,54.333333333333336,0,54.333333333333336,0,54.333333333333336,0,54.333333333333336,0,54.333333333333336,0,54.333333333333336,0,54.333333333333336,0,70.91176470588235,1,70.91176470588235,0,70.91176470588235,0,70.91176470588235,0,70.91176470588235,1,70.91176470588235,0,70.91176470588235,0,73.67773588037414,1,73.67773588037414,0,73.67773588037414,0,73.67773588037414,0,73.67773588037414,1,73.67773588037414,0,73.67773588037414,0,62.49,0,62.49,0,62.49,0,62.49,0,62.49,0,62.49,0,62.49,0,69.6,0,69.6,0,69.6,0,69.6,0,69.6,0,69.6,0,69.6,0,69.26581493069847,0,69.26581493069847,0,69.26581493069847,0,69.26581493069847,0,69.26581493069847,0,69.26581493069847,0,69.26581493069847,0,76.04818809657633,1,76.04818809657633,0,76.04818809657633,0,76.04818809657633,0,76.04818809657633,1,76.04818809657633,0,76.04818809657633,0,50.86363636363637,0,50.86363636363637,0,50.86363636363637,0,50.86363636363637,0,50.86363636363637,0,50.86363636363637,0,50.86363636363637,0,78.48509771287999,1,78.48509771287999,0,78.48509771287999,0,78.48509771287999,0,78.48509771287999,1,78.48509771287999,0,78.48509771287999,0
273,105.0,1,105.0,1,105.0,1,105.0,1,105.0,1,105.0,1,105.0,1,71.83,1,71.83,0,71.83,0,71.83,0,71.83,1,71.83,0,71.83,0,20780675605001.227,1,20780675605001.227,1,20780675605001.227,1,20780675605001.227,1,20780675605001.227,1,20780675605001.227,1,20780675605001.227,1,60.333333333333336,0,60.333333333333336,0,60.333333333333336,0,60.333333333333336,0,60.333333333333336,0,60.333333333333336,0,60.333333333333336,0,73.07766990291262,1,73.07766990291262,0,73.07766990291262,0,73.07766990291262,0,73.07766990291262,1,73.07766990291262,0,73.07766990291262,0,71.0772057901421,1,71.0772057901421,0,71.0772057901421,0,71.0772057901421,0,71.0772057901421,1,71.0772057901421,0,71.0772057901421,0,71.68,1,71.68,0,71.68,0,71.68,0,71.68,1,71.68,0,71.68,0,75.7,1,75.7,0,75.7,0,75.7,0,75.7,1,75.7,0,75.7,0,82.91453761424101,1,82.91453761424101,1,82.91453761424101,1,82.91453761424101,1,82.91453761424101,1,82.91453761424101,1,82.91453761424101,1,72.87880652814903,1,72.87880652814903,0,72.87880652814903,0,72.87880652814903,0,72.87880652814903,1,72.87880652814903,0,72.87880652814903,0,50.86363636363637,0,50.86363636363637,0,50.86363636363637,0,50.86363636363637,0,50.86363636363637,0,50.86363636363637,0,50.86363636363637,0,75.28392376456182,1,75.28392376456182,0,75.28392376456182,0,75.28392376456182,0,75.28392376456182,1,75.28392376456182,0,75.28392376456182,0
